han,hex,dec
一,4E00,19968
丁,4E01,19969
七,4E03,19971
万,4E07,19975
丈,4E08,19976
三,4E09,19977
上,4E0A,19978
下,4E0B,19979
不,4E0D,19981
与,4E0E,19982
丐,4E10,19984
丑,4E11,19985
专,4E13,19987
且,4E14,19988
丕,4E15,19989
世,4E16,19990
丘,4E18,19992
丙,4E19,19993
业,4E1A,19994
丛,4E1B,19995
东,4E1C,19996
丝,4E1D,19997
丞,4E1E,19998
丢,4E22,20002
两,4E24,20004
严,4E25,20005
丧,4E27,20007
个,4E2A,20010
丫,4E2B,20011
中,4E2D,20013
丰,4E30,20016
串,4E32,20018
临,4E34,20020
丸,4E38,20024
丹,4E39,20025
为,4E3A,20026
主,4E3B,20027
丼,4E3C,20028
丽,4E3D,20029
举,4E3E,20030
乃,4E43,20035
久,4E45,20037
么,4E48,20040
义,4E49,20041
之,4E4B,20043
乌,4E4C,20044
乍,4E4D,20045
乎,4E4E,20046
乏,4E4F,20047
乐,4E50,20048
乒,4E52,20050
乓,4E53,20051
乔,4E54,20052
乖,4E56,20054
乘,4E58,20056
乙,4E59,20057
九,4E5D,20061
乞,4E5E,20062
也,4E5F,20063
习,4E60,20064
乡,4E61,20065
书,4E66,20070
买,4E70,20080
乱,4E71,20081
乳,4E73,20083
乾,4E7E,20094
了,4E86,20102
予,4E88,20104
争,4E89,20105
事,4E8B,20107
二,4E8C,20108
于,4E8E,20110
亏,4E8F,20111
云,4E91,20113
互,4E92,20114
五,4E94,20116
井,4E95,20117
亘,4E98,20120
亚,4E9A,20122
些,4E9B,20123
亟,4E9F,20127
亡,4EA1,20129
亢,4EA2,20130
交,4EA4,20132
亥,4EA5,20133
亦,4EA6,20134
产,4EA7,20135
亨,4EA8,20136
亩,4EA9,20137
享,4EAB,20139
京,4EAC,20140
亭,4EAD,20141
亮,4EAE,20142
亲,4EB2,20146
亳,4EB3,20147
亵,4EB5,20149
人,4EBA,20154
亿,4EBF,20159
什,4EC0,20160
仁,4EC1,20161
仃,4EC3,20163
仄,4EC4,20164
仅,4EC5,20165
仆,4EC6,20166
仇,4EC7,20167
今,4ECA,20170
介,4ECB,20171
仍,4ECD,20173
从,4ECE,20174
仑,4ED1,20177
仓,4ED3,20179
仔,4ED4,20180
仕,4ED5,20181
他,4ED6,20182
仗,4ED7,20183
付,4ED8,20184
仙,4ED9,20185
仝,4EDD,20189
仞,4EDE,20190
仟,4EDF,20191
代,4EE3,20195
令,4EE4,20196
以,4EE5,20197
仪,4EEA,20202
们,4EEC,20204
仰,4EF0,20208
仲,4EF2,20210
件,4EF6,20214
价,4EF7,20215
任,4EFB,20219
份,4EFD,20221
仿,4EFF,20223
企,4F01,20225
伉,4F09,20233
伊,4F0A,20234
伍,4F0D,20237
伎,4F0E,20238
伏,4F0F,20239
伐,4F10,20240
休,4F11,20241
众,4F17,20247
优,4F18,20248
伙,4F19,20249
会,4F1A,20250
伞,4F1E,20254
伟,4F1F,20255
传,4F20,20256
伤,4F24,20260
伥,4F25,20261
伦,4F26,20262
伪,4F2A,20266
伫,4F2B,20267
伯,4F2F,20271
估,4F30,20272
伴,4F34,20276
伶,4F36,20278
伸,4F38,20280
伺,4F3A,20282
似,4F3C,20284
伽,4F3D,20285
佃,4F43,20291
但,4F46,20294
位,4F4D,20301
低,4F4E,20302
住,4F4F,20303
佐,4F50,20304
佑,4F51,20305
体,4F53,20307
何,4F55,20309
佗,4F57,20311
佘,4F58,20312
余,4F59,20313
佛,4F5B,20315
作,4F5C,20316
佟,4F5F,20319
你,4F60,20320
佣,4F63,20323
佥,4F65,20325
佩,4F69,20329
佬,4F6C,20332
佯,4F6F,20335
佰,4F70,20336
佳,4F73,20339
佻,4F7B,20347
佾,4F7E,20350
使,4F7F,20351
侃,4F83,20355
侄,4F84,20356
侈,4F88,20360
例,4F8B,20363
侍,4F8D,20365
侗,4F97,20375
供,4F9B,20379
依,4F9D,20381
侠,4FA0,20384
侣,4FA3,20387
侥,4FA5,20389
侦,4FA6,20390
侧,4FA7,20391
侨,4FA8,20392
侩,4FA9,20393
侬,4FAC,20396
侮,4FAE,20398
侯,4FAF,20399
侵,4FB5,20405
便,4FBF,20415
促,4FC3,20419
俄,4FC4,20420
俊,4FCA,20426
俏,4FCF,20431
俐,4FD0,20432
俗,4FD7,20439
俘,4FD8,20440
俚,4FDA,20442
保,4FDD,20445
俞,4FDE,20446
俟,4FDF,20447
信,4FE1,20449
俦,4FE6,20454
俨,4FE8,20456
俩,4FE9,20457
俪,4FEA,20458
俭,4FED,20461
修,4FEE,20462
俯,4FEF,20463
俱,4FF1,20465
俳,4FF3,20467
俸,4FF8,20472
俺,4FFA,20474
俾,4FFE,20478
倍,500D,20493
倏,500F,20495
倒,5012,20498
倔,5014,20500
倘,5018,20504
候,5019,20505
倚,501A,20506
倜,501C,20508
借,501F,20511
倡,5021,20513
倦,5026,20518
倨,5028,20520
倩,5029,20521
倪,502A,20522
倭,502D,20525
债,503A,20538
值,503C,20540
倾,503E,20542
偃,5043,20547
假,5047,20551
偎,504E,20558
偏,504F,20559
偕,5055,20565
做,505A,20570
停,505C,20572
健,5065,20581
偲,5072,20594
偶,5076,20598
偷,5077,20599
偿,507F,20607
傀,5080,20608
傅,5085,20613
傈,5088,20616
傍,508D,20621
傣,50A3,20643
傥,50A5,20645
储,50A8,20648
催,50AC,20652
傲,50B2,20658
傻,50BB,20667
像,50CF,20687
僚,50DA,20698
僦,50E6,20710
僧,50E7,20711
僭,50ED,20717
僮,50EE,20718
僳,50F3,20723
僵,50F5,20725
僻,50FB,20731
儆,5106,20742
儋,510B,20747
儒,5112,20754
儡,5121,20769
儿,513F,20799
兀,5140,20800
允,5141,20801
元,5143,20803
兄,5144,20804
充,5145,20805
兆,5146,20806
先,5148,20808
光,5149,20809
克,514B,20811
免,514D,20813
兑,5151,20817
兔,5154,20820
兕,5155,20821
兖,5156,20822
党,515A,20826
兜,515C,20828
兢,5162,20834
入,5165,20837
全,5168,20840
八,516B,20843
公,516C,20844
六,516D,20845
兮,516E,20846
兰,5170,20848
共,5171,20849
关,5173,20851
兴,5174,20852
兵,5175,20853
其,5176,20854
具,5177,20855
典,5178,20856
兹,5179,20857
养,517B,20859
兼,517C,20860
兽,517D,20861
冀,5180,20864
内,5185,20869
冈,5188,20872
冉,5189,20873
册,518C,20876
再,518D,20877
冒,5192,20882
冕,5195,20885
冗,5197,20887
写,5199,20889
军,519B,20891
农,519C,20892
冠,51A0,20896
冢,51A2,20898
冤,51A4,20900
冥,51A5,20901
冬,51AC,20908
冯,51AF,20911
冰,51B0,20912
冲,51B2,20914
决,51B3,20915
况,51B5,20917
冶,51B6,20918
冷,51B7,20919
冻,51BB,20923
冽,51BD,20925
净,51C0,20928
凄,51C4,20932
准,51C6,20934
凇,51C7,20935
凉,51C9,20937
凋,51CB,20939
凌,51CC,20940
减,51CF,20943
凑,51D1,20945
凛,51DB,20955
凝,51DD,20957
几,51E0,20960
凡,51E1,20961
凤,51E4,20964
凫,51EB,20971
凭,51ED,20973
凯,51EF,20975
凰,51F0,20976
凳,51F3,20979
凶,51F6,20982
凸,51F8,20984
凹,51F9,20985
出,51FA,20986
击,51FB,20987
函,51FD,20989
凿,51FF,20991
刀,5200,20992
刁,5201,20993
刃,5203,20995
分,5206,20998
切,5207,20999
刈,5208,21000
刊,520A,21002
刎,520E,21006
刑,5211,21009
划,5212,21010
列,5217,21015
刘,5218,21016
则,5219,21017
刚,521A,21018
创,521B,21019
初,521D,21021
删,5220,21024
判,5224,21028
刨,5228,21032
利,5229,21033
别,522B,21035
刮,522E,21038
到,5230,21040
制,5236,21046
刷,5237,21047
券,5238,21048
刹,5239,21049
刺,523A,21050
刻,523B,21051
刽,523D,21053
剁,5241,21057
剂,5242,21058
剃,5243,21059
削,524A,21066
剌,524C,21068
前,524D,21069
剐,5250,21072
剑,5251,21073
剔,5254,21076
剖,5256,21078
剜,525C,21084
剥,5265,21093
剧,5267,21095
剩,5269,21097
剪,526A,21098
副,526F,21103
割,5272,21106
剿,527F,21119
劈,5288,21128
力,529B,21147
劝,529D,21149
办,529E,21150
功,529F,21151
加,52A0,21152
务,52A1,21153
劣,52A3,21155
动,52A8,21160
助,52A9,21161
努,52AA,21162
劫,52AB,21163
励,52B1,21169
劲,52B2,21170
劳,52B3,21171
劾,52BE,21182
势,52BF,21183
勃,52C3,21187
勇,52C7,21191
勉,52C9,21193
勋,52CB,21195
勒,52D2,21202
勘,52D8,21208
募,52DF,21215
勤,52E4,21220
勰,52F0,21232
勺,52FA,21242
勾,52FE,21246
勿,52FF,21247
匀,5300,21248
包,5305,21253
匆,5306,21254
匈,5308,21256
匍,530D,21261
匐,5310,21264
匕,5315,21269
化,5316,21270
北,5317,21271
匙,5319,21273
匝,531D,21277
匠,5320,21280
匡,5321,21281
匣,5323,21283
匪,532A,21290
匮,532E,21294
匹,5339,21305
区,533A,21306
医,533B,21307
匾,533E,21310
匿,533F,21311
十,5341,21313
千,5343,21315
卅,5345,21317
升,5347,21319
午,5348,21320
卉,5349,21321
半,534A,21322
华,534E,21326
协,534F,21327
卑,5351,21329
卒,5352,21330
卓,5353,21331
单,5355,21333
卖,5356,21334
南,5357,21335
博,535A,21338
卜,535C,21340
卞,535E,21342
占,5360,21344
卡,5361,21345
卢,5362,21346
卤,5364,21348
卦,5366,21350
卧,5367,21351
卫,536B,21355
卯,536F,21359
印,5370,21360
危,5371,21361
即,5373,21363
却,5374,21364
卵,5375,21365
卷,5377,21367
卸,5378,21368
卿,537F,21375
厂,5382,21378
厄,5384,21380
厅,5385,21381
历,5386,21382
厉,5389,21385
压,538B,21387
厌,538C,21388
厕,5395,21397
厘,5398,21400
厚,539A,21402
厝,539D,21405
原,539F,21407
厢,53A2,21410
厥,53A5,21413
厦,53A6,21414
厨,53A8,21416
厩,53A9,21417
厮,53AE,21422
去,53BB,21435
县,53BF,21439
叁,53C1,21441
参,53C2,21442
又,53C8,21448
叉,53C9,21449
及,53CA,21450
友,53CB,21451
双,53CC,21452
反,53CD,21453
发,53D1,21457
叔,53D4,21460
取,53D6,21462
受,53D7,21463
变,53D8,21464
叙,53D9,21465
叛,53DB,21467
叟,53DF,21471
叠,53E0,21472
口,53E3,21475
古,53E4,21476
句,53E5,21477
另,53E6,21478
叨,53E8,21480
叩,53E9,21481
只,53EA,21482
叫,53EB,21483
召,53EC,21484
叭,53ED,21485
叮,53EE,21486
可,53EF,21487
台,53F0,21488
叱,53F1,21489
史,53F2,21490
右,53F3,21491
叵,53F5,21493
叶,53F6,21494
号,53F7,21495
司,53F8,21496
叹,53F9,21497
叼,53FC,21500
叽,53FD,21501
吁,5401,21505
吃,5403,21507
各,5404,21508
吆,5406,21510
合,5408,21512
吉,5409,21513
吊,540A,21514
吋,540B,21515
同,540C,21516
名,540D,21517
后,540E,21518
吏,540F,21519
吐,5410,21520
向,5411,21521
吓,5413,21523
吕,5415,21525
吗,5417,21527
君,541B,21531
吝,541D,21533
吞,541E,21534
吟,541F,21535
吠,5420,21536
否,5426,21542
吧,5427,21543
吨,5428,21544
吩,5429,21545
含,542B,21547
听,542C,21548
吭,542D,21549
吮,542E,21550
启,542F,21551
吱,5431,21553
吴,5434,21556
吵,5435,21557
吸,5438,21560
吹,5439,21561
吻,543B,21563
吼,543C,21564
吾,543E,21566
呀,5440,21568
呃,5443,21571
呆,5446,21574
呈,5448,21576
告,544A,21578
呎,544E,21582
呐,5450,21584
呓,5453,21587
呕,5455,21589
员,5458,21592
呛,545B,21595
呜,545C,21596
呢,5462,21602
呦,5466,21606
周,5468,21608
呱,5471,21617
味,5473,21619
呵,5475,21621
呶,5476,21622
呸,5478,21624
呻,547B,21627
呼,547C,21628
命,547D,21629
咀,5480,21632
咄,5484,21636
咆,5486,21638
咋,548B,21643
和,548C,21644
咎,548E,21646
咏,548F,21647
咐,5490,21648
咒,5492,21650
咔,5494,21652
咕,5495,21653
咖,5496,21654
咙,5499,21657
咚,549A,21658
咛,549B,21659
咦,54A6,21670
咧,54A7,21671
咨,54A8,21672
咪,54AA,21674
咫,54AB,21675
咬,54AC,21676
咯,54AF,21679
咱,54B1,21681
咳,54B3,21683
咸,54B8,21688
咽,54BD,21693
哀,54C0,21696
品,54C1,21697
哂,54C2,21698
哄,54C4,21700
哆,54C6,21702
哇,54C7,21703
哈,54C8,21704
哉,54C9,21705
响,54CD,21709
哎,54CE,21710
哑,54D1,21713
哒,54D2,21714
哓,54D3,21715
哔,54D4,21716
哗,54D7,21719
哝,54DD,21725
哟,54DF,21727
哥,54E5,21733
哦,54E6,21734
哨,54E8,21736
哩,54E9,21737
哪,54EA,21738
哭,54ED,21741
哮,54EE,21742
哲,54F2,21746
哺,54FA,21754
哼,54FC,21756
哽,54FD,21757
唁,5501,21761
唆,5506,21766
唇,5507,21767
唉,5509,21769
唐,5510,21776
唔,5514,21780
唠,5520,21792
唤,5524,21796
唧,5527,21799
唬,552C,21804
售,552E,21806
唯,552F,21807
唰,5530,21808
唱,5531,21809
唳,5533,21811
唷,5537,21815
唾,553E,21822
啁,5541,21825
啃,5543,21827
啄,5544,21828
商,5546,21830
啊,554A,21834
啖,5556,21846
啜,555C,21852
啡,5561,21857
啤,5564,21860
啥,5565,21861
啦,5566,21862
啧,5567,21863
啪,556A,21866
啬,556C,21868
啮,556E,21870
啰,5570,21872
啸,5578,21880
啻,557B,21883
啼,557C,21884
啾,557E,21886
喀,5580,21888
喂,5582,21890
喃,5583,21891
善,5584,21892
喇,5587,21895
喉,5589,21897
喊,558A,21898
喋,558B,21899
喏,558F,21903
喔,5594,21908
喘,5598,21912
喙,5599,21913
喜,559C,21916
喝,559D,21917
喧,55A7,21927
喳,55B3,21939
喵,55B5,21941
喷,55B7,21943
喻,55BB,21947
喽,55BD,21949
嗄,55C4,21956
嗅,55C5,21957
嗉,55C9,21961
嗍,55CD,21965
嗓,55D3,21971
嗔,55D4,21972
嗜,55DC,21980
嗟,55DF,21983
嗡,55E1,21985
嗣,55E3,21987
嗤,55E4,21988
嗥,55E5,21989
嗦,55E6,21990
嗨,55E8,21992
嗯,55EF,21999
嗲,55F2,22002
嗳,55F3,22003
嗷,55F7,22007
嗽,55FD,22013
嗾,55FE,22014
嘀,5600,22016
嘁,5601,22017
嘈,5608,22024
嘉,5609,22025
嘎,560E,22030
嘏,560F,22031
嘘,5618,22040
嘚,561A,22042
嘛,561B,22043
嘞,561E,22046
嘟,561F,22047
嘱,5631,22065
嘲,5632,22066
嘴,5634,22068
嘶,5636,22070
嘹,5639,22073
嘻,563B,22075
嘿,563F,22079
噎,564E,22094
噗,5657,22103
噙,5659,22105
噜,565C,22108
噢,5662,22114
噤,5664,22116
器,5668,22120
噩,5669,22121
噪,566A,22122
噫,566B,22123
噬,566C,22124
噱,5671,22129
噶,5676,22134
噼,567C,22140
嚎,568E,22158
嚏,568F,22159
嚣,56A3,22179
嚷,56B7,22199
嚼,56BC,22204
囊,56CA,22218
囚,56DA,22234
四,56DB,22235
回,56DE,22238
因,56E0,22240
团,56E2,22242
囤,56E4,22244
囧,56E7,22247
囫,56EB,22251
园,56ED,22253
困,56F0,22256
囱,56F1,22257
围,56F4,22260
固,56FA,22266
国,56FD,22269
图,56FE,22270
圃,5703,22275
圆,5706,22278
圈,5708,22280
土,571F,22303
圣,5723,22307
在,5728,22312
圩,5729,22313
圬,572C,22316
圭,572D,22317
地,5730,22320
圳,5733,22323
场,573A,22330
圾,573E,22334
址,5740,22336
坂,5742,22338
均,5747,22343
坊,574A,22346
坍,574D,22349
坎,574E,22350
坏,574F,22351
坐,5750,22352
坑,5751,22353
块,5757,22359
坚,575A,22362
坛,575B,22363
坜,575C,22364
坝,575D,22365
坞,575E,22366
坟,575F,22367
坠,5760,22368
坡,5761,22369
坤,5764,22372
坦,5766,22374
坪,576A,22378
坯,576F,22383
坳,5773,22387
坷,5777,22391
垂,5782,22402
垃,5783,22403
垄,5784,22404
垆,5786,22406
型,578B,22411
垒,5792,22418
垛,579B,22427
垠,57A0,22432
垢,57A2,22434
垣,57A3,22435
垦,57A6,22438
垫,57AB,22443
垮,57AE,22446
垵,57B5,22453
埂,57C2,22466
埃,57C3,22467
埋,57CB,22475
城,57CE,22478
埔,57D4,22484
埘,57D8,22488
域,57DF,22495
埠,57E0,22496
培,57F9,22521
基,57FA,22522
埽,57FD,22525
堂,5802,22530
堃,5803,22531
堆,5806,22534
堑,5811,22545
堕,5815,22549
堡,5821,22561
堤,5824,22564
堪,582A,22570
堰,5830,22576
堵,5835,22581
塌,584C,22604
塑,5851,22609
塔,5854,22612
塘,5858,22616
塞,585E,22622
填,586B,22635
塾,587E,22654
墀,5880,22656
境,5883,22659
墅,5885,22661
墉,5889,22665
墒,5892,22674
墓,5893,22675
墙,5899,22681
增,589E,22686
墟,589F,22687
墨,58A8,22696
墩,58A9,22697
壁,58C1,22721
壅,58C5,22725
壑,58D1,22737
壕,58D5,22741
壤,58E4,22756
士,58EB,22763
壬,58EC,22764
壮,58EE,22766
声,58F0,22768
壳,58F3,22771
壶,58F6,22774
壹,58F9,22777
处,5904,22788
备,5907,22791
复,590D,22797
夏,590F,22799
夔,5914,22804
夕,5915,22805
外,5916,22806
夙,5919,22809
多,591A,22810
夜,591C,22812
够,591F,22815
夤,5924,22820
夥,5925,22821
大,5927,22823
天,5929,22825
太,592A,22826
夫,592B,22827
夭,592D,22829
央,592E,22830
夯,592F,22831
失,5931,22833
头,5934,22836
夷,5937,22839
夸,5938,22840
夹,5939,22841
夺,593A,22842
奂,5942,22850
奄,5944,22852
奇,5947,22855
奈,5948,22856
奉,5949,22857
奋,594B,22859
奎,594E,22862
奏,594F,22863
契,5951,22865
奔,5954,22868
奕,5955,22869
奖,5956,22870
套,5957,22871
奚,595A,22874
奠,5960,22880
奢,5962,22882
奥,5965,22885
奭,596D,22893
女,5973,22899
奴,5974,22900
奶,5976,22902
奸,5978,22904
她,5979,22905
好,597D,22909
如,5982,22914
妃,5983,22915
妄,5984,22916
妆,5986,22918
妇,5987,22919
妈,5988,22920
妊,598A,22922
妍,598D,22925
妒,5992,22930
妓,5993,22931
妖,5996,22934
妙,5999,22937
妞,599E,22942
妥,59A5,22949
妨,59A8,22952
妪,59AA,22954
妮,59AE,22958
妳,59B3,22963
妹,59B9,22969
妻,59BB,22971
妾,59BE,22974
姆,59C6,22982
姊,59CA,22986
始,59CB,22987
姐,59D0,22992
姑,59D1,22993
姓,59D3,22995
委,59D4,22996
姗,59D7,22999
姚,59DA,23002
姜,59DC,23004
姣,59E3,23011
姥,59E5,23013
姨,59E8,23016
姬,59EC,23020
姮,59EE,23022
姹,59F9,23033
姻,59FB,23035
姿,59FF,23039
威,5A01,23041
娃,5A03,23043
娄,5A04,23044
娅,5A05,23045
娆,5A06,23046
娇,5A07,23047
娑,5A11,23057
娘,5A18,23064
娜,5A1C,23068
娟,5A1F,23071
娠,5A20,23072
娣,5A23,23075
娥,5A25,23077
娩,5A29,23081
娱,5A31,23089
娴,5A34,23092
娶,5A36,23094
娼,5A3C,23100
婀,5A40,23104
婆,5A46,23110
婉,5A49,23113
婚,5A5A,23130
婢,5A62,23138
婪,5A6A,23146
婴,5A74,23156
婵,5A75,23157
婶,5A76,23158
婷,5A77,23159
婿,5A7F,23167
媒,5A92,23186
媚,5A9A,23194
媛,5A9B,23195
媲,5AB2,23218
媳,5AB3,23219
媾,5ABE,23230
嫁,5AC1,23233
嫂,5AC2,23234
嫉,5AC9,23241
嫌,5ACC,23244
嫔,5AD4,23252
嫖,5AD6,23254
嫡,5AE1,23265
嫣,5AE3,23267
嫦,5AE6,23270
嫩,5AE9,23273
嫪,5AEA,23274
嬉,5B09,23305
嬴,5B34,23348
嬷,5B37,23351
孀,5B40,23360
子,5B50,23376
孑,5B51,23377
孔,5B54,23380
孕,5B55,23381
字,5B57,23383
存,5B58,23384
孙,5B59,23385
孚,5B5A,23386
孜,5B5C,23388
孝,5B5D,23389
孟,5B5F,23391
季,5B63,23395
孤,5B64,23396
学,5B66,23398
孩,5B69,23401
孪,5B6A,23402
孰,5B70,23408
孳,5B73,23411
孵,5B75,23413
孺,5B7A,23418
孽,5B7D,23421
宁,5B81,23425
它,5B83,23427
宅,5B85,23429
宇,5B87,23431
守,5B88,23432
安,5B89,23433
宋,5B8B,23435
完,5B8C,23436
宏,5B8F,23439
宕,5B95,23445
宗,5B97,23447
官,5B98,23448
宙,5B99,23449
定,5B9A,23450
宛,5B9B,23451
宜,5B9C,23452
宝,5B9D,23453
实,5B9E,23454
宠,5BA0,23456
审,5BA1,23457
客,5BA2,23458
宣,5BA3,23459
室,5BA4,23460
宦,5BA6,23462
宪,5BAA,23466
宫,5BAB,23467
宰,5BB0,23472
害,5BB3,23475
宴,5BB4,23476
宵,5BB5,23477
家,5BB6,23478
宸,5BB8,23480
容,5BB9,23481
宽,5BBD,23485
宾,5BBE,23486
宿,5BBF,23487
寂,5BC2,23490
寄,5BC4,23492
寅,5BC5,23493
密,5BC6,23494
寇,5BC7,23495
富,5BCC,23500
寐,5BD0,23504
寒,5BD2,23506
寓,5BD3,23507
寝,5BDD,23517
寞,5BDE,23518
察,5BDF,23519
寡,5BE1,23521
寤,5BE4,23524
寥,5BE5,23525
寨,5BE8,23528
寮,5BEE,23534
寰,5BF0,23536
寸,5BF8,23544
对,5BF9,23545
寺,5BFA,23546
寻,5BFB,23547
导,5BFC,23548
寿,5BFF,23551
封,5C01,23553
射,5C04,23556
将,5C06,23558
尉,5C09,23561
尊,5C0A,23562
小,5C0F,23567
少,5C11,23569
尔,5C14,23572
尖,5C16,23574
尘,5C18,23576
尚,5C1A,23578
尝,5C1D,23581
尤,5C24,23588
尧,5C27,23591
尬,5C2C,23596
就,5C31,23601
尴,5C34,23604
尸,5C38,23608
尹,5C39,23609
尺,5C3A,23610
尼,5C3C,23612
尽,5C3D,23613
尾,5C3E,23614
尿,5C3F,23615
局,5C40,23616
屁,5C41,23617
层,5C42,23618
居,5C45,23621
屈,5C48,23624
屉,5C49,23625
届,5C4A,23626
屋,5C4B,23627
屌,5C4C,23628
屎,5C4E,23630
屏,5C4F,23631
屑,5C51,23633
展,5C55,23637
属,5C5E,23646
屠,5C60,23648
屡,5C61,23649
履,5C65,23653
屯,5C6F,23663
山,5C71,23665
屹,5C79,23673
屿,5C7F,23679
岁,5C81,23681
岂,5C82,23682
岌,5C8C,23692
岐,5C90,23696
岑,5C91,23697
岔,5C94,23700
岖,5C96,23702
岗,5C97,23703
岘,5C98,23704
岚,5C9A,23706
岛,5C9B,23707
岩,5CA9,23721
岭,5CAD,23725
岱,5CB1,23729
岳,5CB3,23731
岷,5CB7,23735
岸,5CB8,23736
岿,5CBF,23743
峁,5CC1,23745
峋,5CCB,23755
峙,5CD9,23769
峡,5CE1,23777
峦,5CE6,23782
峨,5CE8,23784
峪,5CEA,23786
峭,5CED,23789
峰,5CF0,23792
峻,5CFB,23803
崂,5D02,23810
崃,5D03,23811
崆,5D06,23814
崇,5D07,23815
崎,5D0E,23822
崔,5D14,23828
崖,5D16,23830
崛,5D1B,23835
崞,5D1E,23838
崤,5D24,23844
崧,5D27,23847
崩,5D29,23849
崭,5D2D,23853
崮,5D2E,23854
嵊,5D4A,23882
嵌,5D4C,23884
嵚,5D5A,23898
嵝,5D5D,23901
嵩,5D69,23913
嵯,5D6F,23919
嶙,5D99,23961
巅,5DC5,24005
巍,5DCD,24013
川,5DDD,24029
州,5DDE,24030
巡,5DE1,24033
巢,5DE2,24034
工,5DE5,24037
左,5DE6,24038
巧,5DE7,24039
巨,5DE8,24040
巩,5DE9,24041
巫,5DEB,24043
差,5DEE,24046
己,5DF1,24049
已,5DF2,24050
巳,5DF3,24051
巴,5DF4,24052
巷,5DF7,24055
巽,5DFD,24061
巾,5DFE,24062
币,5E01,24065
市,5E02,24066
布,5E03,24067
帅,5E05,24069
帆,5E06,24070
师,5E08,24072
希,5E0C,24076
帏,5E0F,24079
帐,5E10,24080
帑,5E11,24081
帕,5E15,24085
帖,5E16,24086
帘,5E18,24088
帙,5E19,24089
帚,5E1A,24090
帛,5E1B,24091
帜,5E1C,24092
帝,5E1D,24093
带,5E26,24102
帧,5E27,24103
席,5E2D,24109
帮,5E2E,24110
帷,5E37,24119
常,5E38,24120
帼,5E3C,24124
帽,5E3D,24125
幂,5E42,24130
幄,5E44,24132
幅,5E45,24133
幌,5E4C,24140
幔,5E54,24148
幕,5E55,24149
幡,5E61,24161
幢,5E62,24162
干,5E72,24178
平,5E73,24179
年,5E74,24180
并,5E76,24182
幸,5E78,24184
幺,5E7A,24186
幻,5E7B,24187
幼,5E7C,24188
幽,5E7D,24189
广,5E7F,24191
庄,5E84,24196
庆,5E86,24198
庇,5E87,24199
床,5E8A,24202
序,5E8F,24207
庐,5E90,24208
库,5E93,24211
应,5E94,24212
底,5E95,24213
庖,5E96,24214
店,5E97,24215
庙,5E99,24217
庚,5E9A,24218
府,5E9C,24220
庞,5E9E,24222
废,5E9F,24223
庠,5EA0,24224
度,5EA6,24230
座,5EA7,24231
庭,5EAD,24237
庵,5EB5,24245
庶,5EB6,24246
康,5EB7,24247
庸,5EB8,24248
廉,5EC9,24265
廊,5ECA,24266
廓,5ED3,24275
廖,5ED6,24278
延,5EF6,24310
廷,5EF7,24311
建,5EFA,24314
廿,5EFF,24319
开,5F00,24320
弁,5F01,24321
异,5F02,24322
弃,5F03,24323
弄,5F04,24324
弊,5F0A,24330
弋,5F0B,24331
式,5F0F,24335
弓,5F13,24339
引,5F15,24341
弗,5F17,24343
弘,5F18,24344
弛,5F1B,24347
弟,5F1F,24351
张,5F20,24352
弥,5F25,24357
弦,5F26,24358
弧,5F27,24359
弩,5F29,24361
弭,5F2D,24365
弯,5F2F,24367
弱,5F31,24369
弹,5F39,24377
强,5F3A,24378
弼,5F3C,24380
归,5F52,24402
当,5F53,24403
录,5F55,24405
彗,5F57,24407
彝,5F5D,24413
形,5F62,24418
彤,5F64,24420
彦,5F66,24422
彧,5F67,24423
彩,5F69,24425
彪,5F6A,24426
彬,5F6C,24428
彭,5F6D,24429
彰,5F70,24432
影,5F71,24433
彷,5F77,24439
役,5F79,24441
彻,5F7B,24443
彼,5F7C,24444
往,5F80,24448
征,5F81,24449
径,5F84,24452
待,5F85,24453
徇,5F87,24455
很,5F88,24456
徊,5F8A,24458
律,5F8B,24459
後,5F8C,24460
徐,5F90,24464
徒,5F92,24466
得,5F97,24471
徘,5F98,24472
徙,5F99,24473
御,5FA1,24481
徨,5FA8,24488
循,5FAA,24490
徬,5FAC,24492
微,5FAE,24494
徵,5FB5,24501
德,5FB7,24503
徽,5FBD,24509
心,5FC3,24515
必,5FC5,24517
忆,5FC6,24518
忌,5FCC,24524
忍,5FCD,24525
忏,5FCF,24527
忖,5FD6,24534
志,5FD7,24535
忘,5FD8,24536
忙,5FD9,24537
忝,5FDD,24541
忠,5FE0,24544
忤,5FE4,24548
忧,5FE7,24551
忪,5FEA,24554
快,5FEB,24555
忱,5FF1,24561
念,5FF5,24565
忻,5FFB,24571
忽,5FFD,24573
忾,5FFE,24574
忿,5FFF,24575
怀,6000,24576
态,6001,24577
怂,6002,24578
怅,6005,24581
怆,6006,24582
怎,600E,24590
怏,600F,24591
怒,6012,24594
怔,6014,24596
怕,6015,24597
怖,6016,24598
怙,6019,24601
怜,601C,24604
思,601D,24605
怠,6020,24608
怡,6021,24609
急,6025,24613
性,6027,24615
怨,6028,24616
怪,602A,24618
怫,602B,24619
怯,602F,24623
怵,6035,24629
总,603B,24635
怼,603C,24636
恁,6041,24641
恃,6043,24643
恋,604B,24651
恍,604D,24653
恐,6050,24656
恒,6052,24658
恕,6055,24661
恙,6059,24665
恢,6062,24674
恣,6063,24675
恤,6064,24676
恨,6068,24680
恩,6069,24681
恪,606A,24682
恫,606B,24683
恬,606C,24684
恭,606D,24685
息,606F,24687
恰,6070,24688
恳,6073,24691
恶,6076,24694
恸,6078,24696
恺,607A,24698
恻,607B,24699
恼,607C,24700
恽,607D,24701
恿,607F,24703
悃,6083,24707
悄,6084,24708
悉,6089,24713
悌,608C,24716
悍,608D,24717
悒,6092,24722
悔,6094,24724
悖,6096,24726
悚,609A,24730
悛,609B,24731
悟,609F,24735
悠,60A0,24736
患,60A3,24739
悦,60A6,24742
您,60A8,24744
悬,60AC,24748
悯,60AF,24751
悲,60B2,24754
悴,60B4,24756
悸,60B8,24760
悻,60BB,24763
悼,60BC,24764
情,60C5,24773
惆,60C6,24774
惇,60C7,24775
惊,60CA,24778
惋,60CB,24779
惑,60D1,24785
惕,60D5,24789
惘,60D8,24792
惚,60DA,24794
惜,60DC,24796
惟,60DF,24799
惠,60E0,24800
惦,60E6,24806
惧,60E7,24807
惨,60E8,24808
惩,60E9,24809
惫,60EB,24811
惬,60EC,24812
惭,60ED,24813
惮,60EE,24814
惯,60EF,24815
惰,60F0,24816
想,60F3,24819
惴,60F4,24820
惶,60F6,24822
惹,60F9,24825
惺,60FA,24826
愁,6101,24833
愆,6106,24838
愈,6108,24840
愉,6109,24841
愍,610D,24845
意,610F,24847
愕,6115,24853
愚,611A,24858
感,611F,24863
愣,6123,24867
愤,6124,24868
愦,6126,24870
愧,6127,24871
愿,613F,24895
慈,6148,24904
慊,614A,24906
慌,614C,24908
慎,614E,24910
慑,6151,24913
慕,6155,24917
慢,6162,24930
慧,6167,24935
慨,6168,24936
慰,6170,24944
慵,6175,24949
慷,6177,24951
憋,618B,24971
憎,618E,24974
憔,6194,24980
憧,61A7,24999
憨,61A8,25000
憩,61A9,25001
憬,61AC,25004
憾,61BE,25022
懂,61C2,25026
懈,61C8,25032
懊,61CA,25034
懋,61CB,25035
懑,61D1,25041
懒,61D2,25042
懔,61D4,25044
懦,61E6,25062
懵,61F5,25077
懿,61FF,25087
戆,6206,25094
戈,6208,25096
戊,620A,25098
戌,620C,25100
戍,620D,25101
戎,620E,25102
戏,620F,25103
成,6210,25104
我,6211,25105
戒,6212,25106
戕,6215,25109
或,6216,25110
戗,6217,25111
战,6218,25112
戚,621A,25114
戛,621B,25115
戟,621F,25119
戡,6221,25121
截,622A,25130
戬,622C,25132
戮,622E,25134
戳,6233,25139
戴,6234,25140
户,6237,25143
戾,623E,25150
房,623F,25151
所,6240,25152
扁,6241,25153
扇,6247,25159
扈,6248,25160
扉,6249,25161
手,624B,25163
才,624D,25165
扎,624E,25166
扑,6251,25169
扒,6252,25170
打,6253,25171
扔,6254,25172
托,6258,25176
扛,625B,25179
扣,6263,25187
扦,6266,25190
执,6267,25191
扩,6269,25193
扪,626A,25194
扫,626B,25195
扬,626C,25196
扭,626D,25197
扮,626E,25198
扯,626F,25199
扰,6270,25200
扳,6273,25203
扶,6276,25206
批,6279,25209
扼,627C,25212
找,627E,25214
承,627F,25215
技,6280,25216
抄,6284,25220
抉,6289,25225
把,628A,25226
抑,6291,25233
抒,6292,25234
抓,6293,25235
投,6295,25237
抖,6296,25238
抗,6297,25239
折,6298,25240
抚,629A,25242
抛,629B,25243
抠,62A0,25248
抡,62A1,25249
抢,62A2,25250
护,62A4,25252
报,62A5,25253
抨,62A8,25256
披,62AB,25259
抬,62AC,25260
抱,62B1,25265
抵,62B5,25269
抹,62B9,25273
押,62BC,25276
抽,62BD,25277
抿,62BF,25279
拂,62C2,25282
拄,62C4,25284
担,62C5,25285
拆,62C6,25286
拇,62C7,25287
拈,62C8,25288
拉,62C9,25289
拌,62CC,25292
拍,62CD,25293
拎,62CE,25294
拐,62D0,25296
拒,62D2,25298
拓,62D3,25299
拔,62D4,25300
拖,62D6,25302
拗,62D7,25303
拘,62D8,25304
拙,62D9,25305
拚,62DA,25306
招,62DB,25307
拜,62DC,25308
拟,62DF,25311
拢,62E2,25314
拣,62E3,25315
拥,62E5,25317
拦,62E6,25318
拧,62E7,25319
拨,62E8,25320
择,62E9,25321
括,62EC,25324
拭,62ED,25325
拮,62EE,25326
拯,62EF,25327
拱,62F1,25329
拳,62F3,25331
拴,62F4,25332
拶,62F6,25334
拷,62F7,25335
拼,62FC,25340
拽,62FD,25341
拾,62FE,25342
拿,62FF,25343
持,6301,25345
挂,6302,25346
指,6307,25351
挈,6308,25352
按,6309,25353
挎,630E,25358
挑,6311,25361
挖,6316,25366
挚,631A,25370
挛,631B,25371
挝,631D,25373
挞,631E,25374
挟,631F,25375
挠,6320,25376
挡,6321,25377
挣,6323,25379
挤,6324,25380
挥,6325,25381
挨,6328,25384
挪,632A,25386
挫,632B,25387
振,632F,25391
挹,6339,25401
挺,633A,25402
挽,633D,25405
捂,6342,25410
捅,6345,25413
捆,6346,25414
捉,6349,25417
捌,634C,25420
捍,634D,25421
捎,634E,25422
捏,634F,25423
捐,6350,25424
捕,6355,25429
捞,635E,25438
损,635F,25439
捡,6361,25441
换,6362,25442
捣,6363,25443
捧,6367,25447
捩,6369,25449
据,636E,25454
捯,636F,25455
捶,6376,25462
捷,6377,25463
捺,637A,25466
捻,637B,25467
掀,6380,25472
掂,6382,25474
掇,6387,25479
授,6388,25480
掉,6389,25481
掌,638C,25484
掏,638F,25487
掐,6390,25488
排,6392,25490
掖,6396,25494
掘,6398,25496
掠,63A0,25504
探,63A2,25506
掣,63A3,25507
接,63A5,25509
控,63A7,25511
推,63A8,25512
掩,63A9,25513
措,63AA,25514
掬,63AC,25516
掰,63B0,25520
掳,63B3,25523
掷,63B7,25527
掸,63B8,25528
掺,63BA,25530
掾,63BE,25534
揄,63C4,25540
揆,63C6,25542
揉,63C9,25545
揍,63CD,25549
描,63CF,25551
提,63D0,25552
插,63D2,25554
揖,63D6,25558
握,63E1,25569
揣,63E3,25571
揩,63E9,25577
揪,63EA,25578
揭,63ED,25581
援,63F4,25588
揶,63F6,25590
揽,63FD,25597
搀,6400,25600
搁,6401,25601
搂,6402,25602
搅,6405,25605
搏,640F,25615
搐,6410,25616
搓,6413,25619
搔,6414,25620
搜,641C,25628
搞,641E,25630
搡,6421,25633
搪,642A,25642
搬,642C,25644
搭,642D,25645
携,643A,25658
搽,643D,25661
摁,6441,25665
摄,6444,25668
摆,6446,25670
摇,6447,25671
摈,6448,25672
摊,644A,25674
摔,6454,25684
摘,6458,25688
摧,6467,25703
摩,6469,25705
摭,646D,25709
摸,6478,25720
摹,6479,25721
摺,647A,25722
撂,6482,25730
撅,6485,25733
撇,6487,25735
撑,6491,25745
撒,6492,25746
撕,6495,25749
撞,649E,25758
撤,64A4,25764
撩,64A9,25769
撬,64AC,25772
播,64AD,25773
撮,64AE,25774
撰,64B0,25776
撵,64B5,25781
撸,64B8,25784
撺,64BA,25786
撼,64BC,25788
擂,64C2,25794
擅,64C5,25797
操,64CD,25805
擎,64CE,25806
擒,64D2,25810
擘,64D8,25816
擞,64DE,25822
擢,64E2,25826
擦,64E6,25830
攀,6500,25856
攒,6512,25874
攘,6518,25880
攫,652B,25899
支,652F,25903
收,6536,25910
攸,6538,25912
改,6539,25913
攻,653B,25915
放,653E,25918
政,653F,25919
故,6545,25925
效,6548,25928
敌,654C,25932
敏,654F,25935
救,6551,25937
敕,6555,25941
敖,6556,25942
教,6559,25945
敛,655B,25947
敝,655D,25949
敞,655E,25950
敢,6562,25954
散,6563,25955
敦,6566,25958
敬,656C,25964
数,6570,25968
敲,6572,25970
整,6574,25972
敷,6577,25975
文,6587,25991
斋,658B,25995
斌,658C,25996
斐,6590,26000
斑,6591,26001
斓,6593,26003
斗,6597,26007
料,6599,26009
斛,659B,26011
斜,659C,26012
斟,659F,26015
斡,65A1,26017
斤,65A4,26020
斥,65A5,26021
斧,65A7,26023
斩,65A9,26025
断,65AD,26029
斯,65AF,26031
新,65B0,26032
方,65B9,26041
於,65BC,26044
施,65BD,26045
旁,65C1,26049
旅,65C5,26053
旋,65CB,26059
旌,65CC,26060
族,65CF,26063
旗,65D7,26071
无,65E0,26080
既,65E2,26082
日,65E5,26085
旦,65E6,26086
旧,65E7,26087
旨,65E8,26088
早,65E9,26089
旬,65EC,26092
旭,65ED,26093
旯,65EF,26095
旰,65F0,26096
旱,65F1,26097
时,65F6,26102
旷,65F7,26103
旸,65F8,26104
旺,65FA,26106
旻,65FB,26107
昂,6602,26114
昆,6606,26118
昊,660A,26122
昌,660C,26124
明,660E,26126
昏,660F,26127
易,6613,26131
昔,6614,26132
昕,6615,26133
昙,6619,26137
星,661F,26143
映,6620,26144
春,6625,26149
昧,6627,26151
昨,6628,26152
昭,662D,26157
是,662F,26159
昵,6635,26165
昶,6636,26166
昼,663C,26172
显,663E,26174
晁,6641,26177
晃,6643,26179
晋,664B,26187
晌,664C,26188
晏,664F,26191
晒,6652,26194
晓,6653,26195
晔,6654,26196
晕,6655,26197
晖,6656,26198
晗,6657,26199
晚,665A,26202
晞,665E,26206
晟,665F,26207
晤,6664,26212
晦,6666,26214
晨,6668,26216
普,666E,26222
景,666F,26223
晰,6670,26224
晴,6674,26228
晶,6676,26230
智,667A,26234
晾,667E,26238
暂,6682,26242
暇,6687,26247
暌,668C,26252
暑,6691,26257
暖,6696,26262
暗,6697,26263
暝,669D,26269
暧,66A7,26279
暨,66A8,26280
暮,66AE,26286
暴,66B4,26292
暹,66B9,26297
暾,66BE,26302
曙,66D9,26329
曜,66DC,26332
曝,66DD,26333
曦,66E6,26342
曩,66E9,26345
曰,66F0,26352
曲,66F2,26354
曳,66F3,26355
更,66F4,26356
曷,66F7,26359
曹,66F9,26361
曼,66FC,26364
曾,66FE,26366
替,66FF,26367
最,6700,26368
月,6708,26376
有,6709,26377
朊,670A,26378
朋,670B,26379
服,670D,26381
朔,6714,26388
朕,6715,26389
朗,6717,26391
望,671B,26395
朝,671D,26397
期,671F,26399
朦,6726,26406
木,6728,26408
未,672A,26410
末,672B,26411
本,672C,26412
札,672D,26413
术,672F,26415
朱,6731,26417
朴,6734,26420
朵,6735,26421
机,673A,26426
朽,673D,26429
杀,6740,26432
杂,6742,26434
权,6743,26435
杆,6746,26438
杈,6748,26440
杉,6749,26441
李,674E,26446
杏,674F,26447
材,6750,26448
村,6751,26449
杖,6756,26454
杜,675C,26460
杞,675E,26462
束,675F,26463
杠,6760,26464
条,6761,26465
来,6765,26469
杨,6768,26472
杭,676D,26477
杯,676F,26479
杰,6770,26480
杳,6773,26483
杵,6775,26485
杷,6777,26487
松,677E,26494
板,677F,26495
极,6781,26497
构,6784,26500
枉,6789,26505
枋,678B,26507
析,6790,26512
枕,6795,26517
林,6797,26519
枚,679A,26522
果,679C,26524
枝,679D,26525
枞,679E,26526
枢,67A2,26530
枣,67A3,26531
枪,67AA,26538
枫,67AB,26539
枭,67AD,26541
枯,67AF,26543
架,67B6,26550
枷,67B7,26551
柄,67C4,26564
柏,67CF,26575
某,67D0,26576
柑,67D1,26577
柒,67D2,26578
染,67D3,26579
柔,67D4,26580
柚,67DA,26586
柜,67DC,26588
柞,67DE,26590
柠,67E0,26592
查,67E5,26597
柩,67E9,26601
柬,67EC,26604
柯,67EF,26607
柱,67F1,26609
柳,67F3,26611
柴,67F4,26612
柿,67FF,26623
栀,6800,26624
栅,6805,26629
标,6807,26631
栈,6808,26632
栉,6809,26633
栋,680B,26635
栏,680F,26639
树,6811,26641
栓,6813,26643
栖,6816,26646
栗,6817,26647
校,6821,26657
株,682A,26666
样,6837,26679
核,6838,26680
根,6839,26681
格,683C,26684
栽,683D,26685
栾,683E,26686
桀,6840,26688
桂,6842,26690
桃,6843,26691
桅,6845,26693
框,6846,26694
案,6848,26696
桌,684C,26700
桎,684E,26702
桐,6850,26704
桑,6851,26705
桓,6853,26707
桔,6854,26708
桢,6862,26722
档,6863,26723
桥,6865,26725
桦,6866,26726
桧,6867,26727
桨,6868,26728
桩,6869,26729
桶,6876,26742
梁,6881,26753
梅,6885,26757
梆,6886,26758
梏,688F,26767
梓,6893,26771
梗,6897,26775
梢,68A2,26786
梦,68A6,26790
梧,68A7,26791
梨,68A8,26792
梭,68AD,26797
梯,68AF,26799
械,68B0,26800
梳,68B3,26803
梵,68B5,26805
检,68C0,26816
棉,68C9,26825
棋,68CB,26827
棍,68CD,26829
棒,68D2,26834
棕,68D5,26837
棘,68D8,26840
棚,68DA,26842
棠,68E0,26848
棣,68E3,26851
森,68EE,26862
棱,68F1,26865
棵,68F5,26869
棹,68F9,26873
棺,68FA,26874
棻,68FB,26875
椅,6905,26885
植,690D,26893
椎,690E,26894
椒,6912,26898
椭,692D,26925
椰,6930,26928
椽,693D,26941
椿,693F,26943
楔,6954,26964
楚,695A,26970
楝,695D,26973
楞,695E,26974
楠,6960,26976
楣,6963,26979
楫,696B,26987
楮,696E,26990
楷,6977,26999
楹,6979,27001
楼,697C,27004
概,6982,27010
榄,6984,27012
榆,6986,27014
榇,6987,27015
榈,6988,27016
榔,6994,27028
榕,6995,27029
榛,699B,27035
榜,699C,27036
榨,69A8,27048
榭,69AD,27053
榴,69B4,27060
榷,69B7,27063
榻,69BB,27067
槁,69C1,27073
槃,69C3,27075
槌,69CC,27084
槐,69D0,27088
槛,69DB,27099
槟,69DF,27103
槭,69ED,27117
槽,69FD,27133
樊,6A0A,27146
樟,6A1F,27167
模,6A21,27169
横,6A2A,27178
樯,6A2F,27183
樱,6A31,27185
樵,6A35,27189
樽,6A3D,27197
橄,6A44,27204
橇,6A47,27207
橘,6A58,27224
橙,6A59,27225
橡,6A61,27233
橱,6A71,27249
橹,6A79,27257
檀,6A80,27264
檄,6A84,27268
檐,6A90,27280
檩,6AA9,27305
檬,6AAC,27308
欠,6B20,27424
次,6B21,27425
欢,6B22,27426
欣,6B23,27427
欤,6B24,27428
欧,6B27,27431
欲,6B32,27442
欸,6B38,27448
欺,6B3A,27450
款,6B3E,27454
歇,6B47,27463
歉,6B49,27465
歌,6B4C,27468
止,6B62,27490
正,6B63,27491
此,6B64,27492
步,6B65,27493
武,6B66,27494
歧,6B67,27495
歪,6B6A,27498
歹,6B79,27513
死,6B7B,27515
歼,6B7C,27516
殁,6B81,27521
殃,6B83,27523
殆,6B86,27526
殇,6B87,27527
殉,6B89,27529
殊,6B8A,27530
残,6B8B,27531
殒,6B92,27538
殓,6B93,27539
殖,6B96,27542
殡,6BA1,27553
殪,6BAA,27562
殴,6BB4,27572
段,6BB5,27573
殷,6BB7,27575
殿,6BBF,27583
毁,6BC1,27585
毂,6BC2,27586
毅,6BC5,27589
毋,6BCB,27595
母,6BCD,27597
每,6BCF,27599
毒,6BD2,27602
毓,6BD3,27603
比,6BD4,27604
毕,6BD5,27605
毖,6BD6,27606
毗,6BD7,27607
毙,6BD9,27609
毛,6BDB,27611
毡,6BE1,27617
毫,6BEB,27627
毯,6BEF,27631
氏,6C0F,27663
民,6C11,27665
氓,6C13,27667
气,6C14,27668
氖,6C16,27670
氛,6C1B,27675
氟,6C1F,27679
氢,6C22,27682
氦,6C26,27686
氧,6C27,27687
氨,6C28,27688
氮,6C2E,27694
氯,6C2F,27695
氰,6C30,27696
水,6C34,27700
永,6C38,27704
汀,6C40,27712
汁,6C41,27713
求,6C42,27714
汇,6C47,27719
汉,6C49,27721
汐,6C50,27728
汕,6C55,27733
汗,6C57,27735
汛,6C5B,27739
汜,6C5C,27740
汝,6C5D,27741
汞,6C5E,27742
江,6C5F,27743
池,6C60,27744
污,6C61,27745
汤,6C64,27748
汨,6C68,27752
汩,6C69,27753
汪,6C6A,27754
汰,6C70,27760
汲,6C72,27762
汴,6C74,27764
汶,6C76,27766
汹,6C79,27769
汽,6C7D,27773
汾,6C7E,27774
沁,6C81,27777
沂,6C82,27778
沃,6C83,27779
沅,6C85,27781
沈,6C88,27784
沉,6C89,27785
沌,6C8C,27788
沏,6C8F,27791
沐,6C90,27792
沓,6C93,27795
沔,6C94,27796
沙,6C99,27801
沛,6C9B,27803
沟,6C9F,27807
没,6CA1,27809
沤,6CA4,27812
沥,6CA5,27813
沦,6CA6,27814
沧,6CA7,27815
沪,6CAA,27818
沫,6CAB,27819
沮,6CAE,27822
沱,6CB1,27825
河,6CB3,27827
沸,6CB8,27832
油,6CB9,27833
治,6CBB,27835
沼,6CBC,27836
沽,6CBD,27837
沾,6CBE,27838
沿,6CBF,27839
泄,6CC4,27844
泅,6CC5,27845
泉,6CC9,27849
泊,6CCA,27850
泌,6CCC,27852
法,6CD5,27861
泗,6CD7,27863
泛,6CDB,27867
泞,6CDE,27870
泡,6CE1,27873
波,6CE2,27874
泣,6CE3,27875
泥,6CE5,27877
注,6CE8,27880
泪,6CEA,27882
泰,6CF0,27888
泳,6CF3,27891
泵,6CF5,27893
泸,6CF8,27896
泻,6CFB,27899
泼,6CFC,27900
泽,6CFD,27901
泾,6CFE,27902
洁,6D01,27905
洄,6D04,27908
洋,6D0B,27915
洌,6D0C,27916
洒,6D12,27922
洗,6D17,27927
洛,6D1B,27931
洞,6D1E,27934
津,6D25,27941
洪,6D2A,27946
洮,6D2E,27950
洱,6D31,27953
洲,6D32,27954
洵,6D35,27957
洸,6D38,27960
活,6D3B,27963
洼,6D3C,27964
洽,6D3D,27965
派,6D3E,27966
流,6D41,27969
浃,6D43,27971
浅,6D45,27973
浆,6D46,27974
浇,6D47,27975
浉,6D49,27977
浊,6D4A,27978
测,6D4B,27979
济,6D4E,27982
浏,6D4F,27983
浐,6D50,27984
浑,6D51,27985
浒,6D52,27986
浓,6D53,27987
浔,6D54,27988
浙,6D59,27993
浚,6D5A,27994
浜,6D5C,27996
浣,6D63,28003
浥,6D65,28005
浦,6D66,28006
浩,6D69,28009
浪,6D6A,28010
浮,6D6E,28014
浴,6D74,28020
海,6D77,28023
浸,6D78,28024
涂,6D82,28034
涅,6D85,28037
消,6D88,28040
涉,6D89,28041
涌,6D8C,28044
涎,6D8E,28046
涓,6D93,28051
涔,6D94,28052
涕,6D95,28053
涛,6D9B,28059
涝,6D9D,28061
涟,6D9F,28063
涡,6DA1,28065
涣,6DA3,28067
涤,6DA4,28068
润,6DA6,28070
涧,6DA7,28071
涨,6DA8,28072
涩,6DA9,28073
涪,6DAA,28074
涮,6DAE,28078
涯,6DAF,28079
液,6DB2,28082
涵,6DB5,28085
涸,6DB8,28088
涿,6DBF,28095
淀,6DC0,28096
淄,6DC4,28100
淅,6DC5,28101
淆,6DC6,28102
淇,6DC7,28103
淋,6DCB,28107
淌,6DCC,28108
淑,6DD1,28113
淖,6DD6,28118
淘,6DD8,28120
淞,6DDE,28126
淡,6DE1,28129
淤,6DE4,28132
淫,6DEB,28139
淬,6DEC,28140
淮,6DEE,28142
深,6DF1,28145
淳,6DF3,28147
混,6DF7,28151
淹,6DF9,28153
添,6DFB,28155
淼,6DFC,28156
清,6E05,28165
渊,6E0A,28170
渍,6E0D,28173
渎,6E0E,28174
渐,6E10,28176
渔,6E14,28180
渗,6E17,28183
渚,6E1A,28186
渝,6E1D,28189
渠,6E20,28192
渡,6E21,28193
渣,6E23,28195
渤,6E24,28196
渥,6E25,28197
温,6E29,28201
渭,6E2D,28205
港,6E2F,28207
渲,6E32,28210
渴,6E34,28212
游,6E38,28216
渺,6E3A,28218
湃,6E43,28227
湍,6E4D,28237
湖,6E56,28246
湘,6E58,28248
湛,6E5B,28251
湮,6E6E,28270
湾,6E7E,28286
湿,6E7F,28287
溃,6E83,28291
溅,6E85,28293
溉,6E89,28297
源,6E90,28304
溜,6E9C,28316
溟,6E9F,28319
溢,6EA2,28322
溥,6EA5,28325
溧,6EA7,28327
溪,6EAA,28330
溯,6EAF,28335
溶,6EB6,28342
溺,6EBA,28346
滁,6EC1,28353
滂,6EC2,28354
滇,6EC7,28359
滋,6ECB,28363
滑,6ED1,28369
滓,6ED3,28371
滔,6ED4,28372
滕,6ED5,28373
滚,6EDA,28378
滞,6EDE,28382
满,6EE1,28385
滤,6EE4,28388
滥,6EE5,28389
滦,6EE6,28390
滨,6EE8,28392
滩,6EE9,28393
滪,6EEA,28394
滴,6EF4,28404
漂,6F02,28418
漆,6F06,28422
漏,6F0F,28431
漓,6F13,28435
演,6F14,28436
漕,6F15,28437
漠,6F20,28448
漩,6F29,28457
漪,6F2A,28458
漫,6F2B,28459
漯,6F2F,28463
漱,6F31,28465
漳,6F33,28467
漾,6F3E,28478
潇,6F47,28487
潍,6F4D,28493
潘,6F58,28504
潜,6F5C,28508
潞,6F5E,28510
潟,6F5F,28511
潦,6F66,28518
潭,6F6D,28525
潮,6F6E,28526
潺,6F7A,28538
潼,6F7C,28540
澄,6F84,28548
澈,6F88,28552
澎,6F8E,28558
澜,6F9C,28572
澡,6FA1,28577
澳,6FB3,28595
澹,6FB9,28601
激,6FC0,28608
濒,6FD2,28626
濠,6FE0,28640
濡,6FE1,28641
濮,6FEE,28654
濯,6FEF,28655
瀑,7011,28689
瀚,701A,28698
瀛,701B,28699
灌,704C,28748
火,706B,28779
灭,706D,28781
灯,706F,28783
灰,7070,28784
灵,7075,28789
灶,7076,28790
灸,7078,28792
灼,707C,28796
灾,707E,28798
灿,707F,28799
炀,7080,28800
炉,7089,28809
炊,708A,28810
炎,708E,28814
炒,7092,28818
炔,7094,28820
炕,7095,28821
炖,7096,28822
炙,7099,28825
炝,709D,28829
炫,70AB,28843
炬,70AC,28844
炭,70AD,28845
炮,70AE,28846
炯,70AF,28847
炱,70B1,28849
炳,70B3,28851
炸,70B8,28856
点,70B9,28857
炼,70BC,28860
炽,70BD,28861
烀,70C0,28864
烁,70C1,28865
烂,70C2,28866
烃,70C3,28867
烈,70C8,28872
烘,70D8,28888
烙,70D9,28889
烛,70DB,28891
烟,70DF,28895
烤,70E4,28900
烦,70E6,28902
烧,70E7,28903
烩,70E9,28905
烫,70EB,28907
烬,70EC,28908
热,70ED,28909
烯,70EF,28911
烷,70F7,28919
烹,70F9,28921
烽,70FD,28925
焉,7109,28937
焊,710A,28938
焐,7110,28944
焕,7115,28949
焗,7117,28951
焘,7118,28952
焙,7119,28953
焚,711A,28954
焜,711C,28956
焦,7126,28966
焰,7130,28976
焱,7131,28977
然,7136,28982
煅,7145,28997
煊,714A,29002
煌,714C,29004
煎,714E,29006
煜,715C,29020
煞,715E,29022
煤,7164,29028
煦,7166,29030
照,7167,29031
煨,7168,29032
煮,716E,29038
煲,7172,29042
煸,7178,29048
煽,717D,29053
熄,7184,29060
熊,718A,29066
熏,718F,29071
熔,7194,29076
熙,7199,29081
熟,719F,29087
熨,71A8,29096
熬,71AC,29100
熹,71B9,29113
燃,71C3,29123
燎,71CE,29134
燕,71D5,29141
燥,71E5,29157
燧,71E7,29159
燮,71EE,29166
燹,71F9,29177
爆,7206,29190
爨,7228,29224
爪,722A,29226
爬,722C,29228
爰,7230,29232
爱,7231,29233
爵,7235,29237
父,7236,29238
爷,7237,29239
爸,7238,29240
爹,7239,29241
爽,723D,29245
片,7247,29255
版,7248,29256
牌,724C,29260
牍,724D,29261
牒,7252,29266
牖,7256,29270
牙,7259,29273
牛,725B,29275
牝,725D,29277
牟,725F,29279
牡,7261,29281
牢,7262,29282
牧,7267,29287
物,7269,29289
牲,7272,29298
牵,7275,29301
特,7279,29305
牺,727A,29306
犀,7280,29312
犁,7281,29313
犄,7284,29316
犊,728A,29322
犍,728D,29325
犒,7292,29330
犟,729F,29343
犬,72AC,29356
犯,72AF,29359
状,72B6,29366
犸,72B8,29368
犹,72B9,29369
狂,72C2,29378
狄,72C4,29380
狈,72C8,29384
狎,72CE,29390
狐,72D0,29392
狒,72D2,29394
狗,72D7,29399
狙,72D9,29401
狞,72DE,29406
狠,72E0,29408
狡,72E1,29409
狩,72E9,29417
独,72EC,29420
狭,72ED,29421
狮,72EE,29422
狰,72F0,29424
狱,72F1,29425
狲,72F2,29426
狸,72F8,29432
狼,72FC,29436
猎,730E,29454
猖,7316,29462
猛,731B,29467
猜,731C,29468
猝,731D,29469
猡,7321,29473
猥,7325,29477
猩,7329,29481
猪,732A,29482
猫,732B,29483
猬,732C,29484
献,732E,29486
猴,7334,29492
猷,7337,29495
猾,733E,29502
猿,733F,29503
獍,734D,29517
獗,7357,29527
獠,7360,29536
獭,736D,29549
獯,736F,29551
玄,7384,29572
率,7387,29575
玉,7389,29577
王,738B,29579
玑,7391,29585
玖,7396,29590
玛,739B,29595
玥,73A5,29605
玩,73A9,29609
玫,73AB,29611
环,73AF,29615
现,73B0,29616
玲,73B2,29618
玷,73B7,29623
玺,73BA,29626
玻,73BB,29627
珀,73C0,29632
珂,73C2,29634
珈,73C8,29640
珊,73CA,29642
珍,73CD,29645
珏,73CF,29647
珐,73D0,29648
珑,73D1,29649
珠,73E0,29664
班,73ED,29677
珮,73EE,29678
珰,73F0,29680
珲,73F2,29682
球,7403,29699
琅,7405,29701
理,7406,29702
琇,7407,29703
琉,7409,29705
琊,740A,29706
琐,7410,29712
琛,741B,29723
琢,7422,29730
琥,7425,29733
琦,7426,29734
琪,742A,29738
琯,742F,29743
琳,7433,29747
琴,7434,29748
琵,7435,29749
琶,7436,29750
琼,743C,29756
瑀,7440,29760
瑕,7455,29781
瑙,7459,29785
瑚,745A,29786
瑛,745B,29787
瑜,745C,29788
瑞,745E,29790
瑟,745F,29791
瑰,7470,29808
瑶,7476,29814
瑾,747E,29822
璀,7480,29824
璁,7481,29825
璃,7483,29827
璇,7487,29831
璋,748B,29835
璜,749C,29852
璟,749F,29855
璧,74A7,29863
璨,74A8,29864
璩,74A9,29865
璿,74BF,29887
瓜,74DC,29916
瓢,74E2,29922
瓣,74E3,29923
瓤,74E4,29924
瓦,74E6,29926
瓮,74EE,29934
瓯,74EF,29935
瓶,74F6,29942
瓷,74F7,29943
甄,7504,29956
甘,7518,29976
甚,751A,29978
甜,751C,29980
生,751F,29983
甥,7525,29989
用,7528,29992
甩,7529,29993
甫,752B,29995
甬,752C,29996
甭,752D,29997
田,7530,30000
由,7531,30001
甲,7532,30002
申,7533,30003
电,7535,30005
男,7537,30007
甸,7538,30008
町,753A,30010
画,753B,30011
畅,7545,30021
界,754C,30028
畏,754F,30031
畔,7554,30036
留,7559,30041
畚,755A,30042
畜,755C,30044
略,7565,30053
畦,7566,30054
番,756A,30058
畲,7572,30066
畴,7574,30068
畸,7578,30072
畿,757F,30079
疆,7586,30086
疏,758F,30095
疑,7591,30097
疗,7597,30103
疙,7599,30105
疚,759A,30106
疝,759D,30109
疟,759F,30111
疠,75A0,30112
疡,75A1,30113
疢,75A2,30114
疣,75A3,30115
疤,75A4,30116
疥,75A5,30117
疫,75AB,30123
疮,75AE,30126
疯,75AF,30127
疱,75B1,30129
疲,75B2,30130
疴,75B4,30132
疵,75B5,30133
疹,75B9,30137
疼,75BC,30140
疽,75BD,30141
疾,75BE,30142
病,75C5,30149
症,75C7,30151
痈,75C8,30152
痉,75C9,30153
痊,75CA,30154
痒,75D2,30162
痔,75D4,30164
痕,75D5,30165
痘,75D8,30168
痛,75DB,30171
痞,75DE,30174
痢,75E2,30178
痣,75E3,30179
痨,75E8,30184
痪,75EA,30186
痰,75F0,30192
痴,75F4,30196
痹,75F9,30201
瘁,7601,30209
瘆,7606,30214
瘟,761F,30239
瘠,7620,30240
瘢,7622,30242
瘤,7624,30244
瘦,7626,30246
瘩,7629,30249
瘪,762A,30250
瘫,762B,30251
瘴,7634,30260
瘸,7638,30264
瘾,763E,30270
癌,764C,30284
癖,7656,30294
癞,765E,30302
癣,7663,30307
癫,766B,30315
癸,7678,30328
登,767B,30331
白,767D,30333
百,767E,30334
皂,7682,30338
的,7684,30340
皆,7686,30342
皇,7687,30343
皋,768B,30347
皎,768E,30350
皑,7691,30353
皓,7693,30355
皖,7696,30358
皙,7699,30361
皮,76AE,30382
皱,76B1,30385
皿,76BF,30399
盂,76C2,30402
盅,76C5,30405
盆,76C6,30406
盈,76C8,30408
益,76CA,30410
盍,76CD,30413
盎,76CE,30414
盏,76CF,30415
盐,76D0,30416
监,76D1,30417
盒,76D2,30418
盔,76D4,30420
盖,76D6,30422
盗,76D7,30423
盘,76D8,30424
盛,76DB,30427
盟,76DF,30431
盥,76E5,30437
目,76EE,30446
盯,76EF,30447
盲,76F2,30450
直,76F4,30452
相,76F8,30456
盹,76F9,30457
盼,76FC,30460
盾,76FE,30462
省,7701,30465
眇,7707,30471
眈,7708,30472
眉,7709,30473
看,770B,30475
眚,771A,30490
真,771F,30495
眠,7720,30496
眨,7728,30504
眩,7729,30505
眯,772F,30511
眶,7736,30518
眷,7737,30519
眸,7738,30520
眺,773A,30522
眼,773C,30524
着,7740,30528
睁,7741,30529
睐,7750,30544
睛,775B,30555
睡,7761,30561
睢,7762,30562
督,7763,30563
睦,7766,30566
睨,7768,30568
睫,776B,30571
睬,776C,30572
睹,7779,30585
睿,777F,30591
瞄,7784,30596
瞅,7785,30597
瞋,778B,30603
瞌,778C,30604
瞎,778E,30606
瞑,7791,30609
瞒,7792,30610
瞠,77A0,30624
瞥,77A5,30629
瞧,77A7,30631
瞩,77A9,30633
瞪,77AA,30634
瞬,77AC,30636
瞭,77AD,30637
瞰,77B0,30640
瞳,77B3,30643
瞻,77BB,30651
瞽,77BD,30653
瞿,77BF,30655
矗,77D7,30679
矛,77DB,30683
矜,77DC,30684
矢,77E2,30690
矣,77E3,30691
知,77E5,30693
矩,77E9,30697
矫,77EB,30699
短,77ED,30701
矮,77EE,30702
石,77F3,30707
矶,77F6,30710
矽,77FD,30717
矾,77FE,30718
矿,77FF,30719
码,7801,30721
砂,7802,30722
砌,780C,30732
砍,780D,30733
砒,7812,30738
研,7814,30740
砖,7816,30742
砗,7817,30743
砚,781A,30746
砥,7825,30757
砦,7826,30758
砧,7827,30759
砰,7830,30768
破,7834,30772
砷,7837,30775
砸,7838,30776
砺,783A,30778
砾,783E,30782
础,7840,30784
硃,7843,30787
硅,7845,30789
硒,7852,30802
硕,7855,30805
硚,785A,30810
硝,785D,30813
硫,786B,30827
硬,786C,30828
确,786E,30830
硷,7877,30839
硼,787C,30844
碁,7881,30849
碉,7889,30857
碌,788C,30860
碍,788D,30861
碎,788E,30862
碑,7891,30865
碗,7897,30871
碘,7898,30872
碜,789C,30876
碟,789F,30879
碧,78A7,30887
碰,78B0,30896
碱,78B1,30897
碳,78B3,30899
碴,78B4,30900
碾,78BE,30910
磁,78C1,30913
磅,78C5,30917
磊,78CA,30922
磋,78CB,30923
磐,78D0,30928
磔,78D4,30932
磕,78D5,30933
磡,78E1,30945
磨,78E8,30952
磬,78EC,30956
磷,78F7,30967
磺,78FA,30970
礁,7901,30977
示,793A,31034
礼,793C,31036
社,793E,31038
祀,7940,31040
祁,7941,31041
祇,7947,31047
祈,7948,31048
祉,7949,31049
祎,794E,31054
祐,7950,31056
祖,7956,31062
祗,7957,31063
祚,795A,31066
祛,795B,31067
祝,795D,31069
神,795E,31070
祟,795F,31071
祠,7960,31072
祥,7965,31077
票,7968,31080
祭,796D,31085
祯,796F,31087
祷,7977,31095
祸,7978,31096
祺,797A,31098
禀,7980,31104
禁,7981,31105
禄,7984,31108
禅,7985,31109
福,798F,31119
禧,79A7,31143
禹,79B9,31161
禺,79BA,31162
离,79BB,31163
禽,79BD,31165
禾,79BE,31166
秀,79C0,31168
私,79C1,31169
秃,79C3,31171
秆,79C6,31174
秉,79C9,31177
秋,79CB,31179
种,79CD,31181
科,79D1,31185
秒,79D2,31186
秕,79D5,31189
秘,79D8,31192
租,79DF,31199
秣,79E3,31203
秤,79E4,31204
秦,79E6,31206
秧,79E7,31207
秩,79E9,31209
秫,79EB,31211
积,79EF,31215
称,79F0,31216
秸,79F8,31224
移,79FB,31227
秽,79FD,31229
秾,79FE,31230
稀,7A00,31232
程,7A0B,31243
稍,7A0D,31245
税,7A0E,31246
稔,7A14,31252
稗,7A17,31255
稚,7A1A,31258
稠,7A20,31264
稣,7A23,31267
稳,7A33,31283
稷,7A37,31287
稻,7A3B,31291
稼,7A3C,31292
稽,7A3D,31293
稿,7A3F,31295
穆,7A46,31302
穑,7A51,31313
穗,7A57,31319
穴,7A74,31348
究,7A76,31350
穷,7A77,31351
穹,7A79,31353
空,7A7A,31354
穿,7A7F,31359
突,7A81,31361
窃,7A83,31363
窄,7A84,31364
窈,7A88,31368
窍,7A8D,31373
窑,7A91,31377
窒,7A92,31378
窕,7A95,31381
窖,7A96,31382
窗,7A97,31383
窘,7A98,31384
窜,7A9C,31388
窝,7A9D,31389
窟,7A9F,31391
窠,7AA0,31392
窣,7AA3,31395
窥,7AA5,31397
窦,7AA6,31398
窸,7AB8,31416
窿,7ABF,31423
立,7ACB,31435
竑,7AD1,31441
竖,7AD6,31446
站,7AD9,31449
竞,7ADE,31454
竟,7ADF,31455
章,7AE0,31456
竣,7AE3,31459
童,7AE5,31461
竦,7AE6,31462
竭,7AED,31469
端,7AEF,31471
竹,7AF9,31481
竺,7AFA,31482
竿,7AFF,31487
笃,7B03,31491
笆,7B06,31494
笋,7B0B,31499
笏,7B0F,31503
笑,7B11,31505
笔,7B14,31508
笙,7B19,31513
笛,7B1B,31515
笞,7B1E,31518
笠,7B20,31520
笤,7B24,31524
符,7B26,31526
笨,7B28,31528
第,7B2C,31532
笳,7B33,31539
笺,7B3A,31546
笼,7B3C,31548
等,7B49,31561
筋,7B4B,31563
筏,7B4F,31567
筐,7B50,31568
筑,7B51,31569
筒,7B52,31570
答,7B54,31572
策,7B56,31574
筛,7B5B,31579
筝,7B5D,31581
筠,7B60,31584
筮,7B6E,31598
筱,7B71,31601
筵,7B75,31605
筷,7B77,31607
筹,7B79,31609
签,7B7E,31614
简,7B80,31616
箍,7B8D,31629
箐,7B90,31632
箓,7B93,31635
箔,7B94,31636
箕,7B95,31637
算,7B97,31639
管,7BA1,31649
箩,7BA9,31657
箫,7BAB,31659
箭,7BAD,31661
箱,7BB1,31665
箴,7BB4,31668
箸,7BB8,31672
篆,7BC6,31686
篇,7BC7,31687
篓,7BD3,31699
篙,7BD9,31705
篝,7BDD,31709
篡,7BE1,31713
篦,7BE6,31718
篮,7BEE,31726
篱,7BF1,31729
篷,7BF7,31735
篾,7BFE,31742
簇,7C07,31751
簌,7C0C,31756
簧,7C27,31783
簪,7C2A,31786
簸,7C38,31800
簿,7C3F,31807
籁,7C41,31809
籍,7C4D,31821
米,7C73,31859
籴,7C74,31860
类,7C7B,31867
籽,7C7D,31869
粉,7C89,31881
粒,7C92,31890
粕,7C95,31893
粗,7C97,31895
粘,7C98,31896
粝,7C9D,31901
粟,7C9F,31903
粤,7CA4,31908
粥,7CA5,31909
粪,7CAA,31914
粮,7CAE,31918
粱,7CB1,31921
粲,7CB2,31922
粳,7CB3,31923
粹,7CB9,31929
粽,7CBD,31933
精,7CBE,31934
糊,7CCA,31946
糕,7CD5,31957
糖,7CD6,31958
糗,7CD7,31959
糙,7CD9,31961
糜,7CDC,31964
糟,7CDF,31967
糠,7CE0,31968
糯,7CEF,31983
系,7CFB,31995
紊,7D0A,32010
素,7D20,32032
索,7D22,32034
紧,7D27,32039
紫,7D2B,32043
累,7D2F,32047
絮,7D6E,32110
綮,7DAE,32174
繁,7E41,32321
纂,7E82,32386
纠,7EA0,32416
红,7EA2,32418
纣,7EA3,32419
纤,7EA4,32420
约,7EA6,32422
级,7EA7,32423
纨,7EA8,32424
纪,7EAA,32426
纫,7EAB,32427
纬,7EAC,32428
纭,7EAD,32429
纯,7EAF,32431
纱,7EB1,32433
纲,7EB2,32434
纳,7EB3,32435
纵,7EB5,32437
纶,7EB6,32438
纷,7EB7,32439
纸,7EB8,32440
纹,7EB9,32441
纺,7EBA,32442
纽,7EBD,32445
纾,7EBE,32446
线,7EBF,32447
练,7EC3,32451
组,7EC4,32452
绅,7EC5,32453
细,7EC6,32454
织,7EC7,32455
终,7EC8,32456
绉,7EC9,32457
绊,7ECA,32458
绌,7ECC,32460
绍,7ECD,32461
绎,7ECE,32462
经,7ECF,32463
绑,7ED1,32465
绒,7ED2,32466
结,7ED3,32467
绕,7ED5,32469
绘,7ED8,32472
给,7ED9,32473
绚,7EDA,32474
绛,7EDB,32475
络,7EDC,32476
绝,7EDD,32477
绞,7EDE,32478
统,7EDF,32479
绢,7EE2,32482
绣,7EE3,32483
绥,7EE5,32485
绦,7EE6,32486
继,7EE7,32487
绩,7EE9,32489
绪,7EEA,32490
绫,7EEB,32491
续,7EED,32493
绮,7EEE,32494
绰,7EF0,32496
绳,7EF3,32499
维,7EF4,32500
绵,7EF5,32501
绶,7EF6,32502
绷,7EF7,32503
绸,7EF8,32504
综,7EFC,32508
绽,7EFD,32509
绿,7EFF,32511
缀,7F00,32512
缃,7F03,32515
缄,7F04,32516
缅,7F05,32517
缆,7F06,32518
缇,7F07,32519
缉,7F09,32521
缎,7F0E,32526
缓,7F13,32531
缔,7F14,32532
缕,7F15,32533
编,7F16,32534
缘,7F18,32536
缙,7F19,32537
缚,7F1A,32538
缝,7F1D,32541
缠,7F20,32544
缡,7F21,32545
缢,7F22,32546
缤,7F24,32548
缦,7F26,32550
缧,7F27,32551
缨,7F28,32552
缩,7F29,32553
缪,7F2A,32554
缫,7F2B,32555
缬,7F2C,32556
缭,7F2D,32557
缮,7F2E,32558
缰,7F30,32560
缴,7F34,32564
缸,7F38,32568
缺,7F3A,32570
罂,7F42,32578
罄,7F44,32580
罍,7F4D,32589
罐,7F50,32592
网,7F51,32593
罔,7F54,32596
罕,7F55,32597
罗,7F57,32599
罚,7F5A,32602
罢,7F62,32610
罩,7F69,32617
罪,7F6A,32618
置,7F6E,32622
署,7F72,32626
罹,7F79,32633
羁,7F81,32641
羊,7F8A,32650
羌,7F8C,32652
美,7F8E,32654
羔,7F94,32660
羚,7F9A,32666
羝,7F9D,32669
羞,7F9E,32670
羡,7FA1,32673
群,7FA4,32676
羰,7FB0,32688
羲,7FB2,32690
羹,7FB9,32697
羽,7FBD,32701
翁,7FC1,32705
翅,7FC5,32709
翊,7FCA,32714
翌,7FCC,32716
翎,7FCE,32718
翔,7FD4,32724
翘,7FD8,32728
翟,7FDF,32735
翠,7FE0,32736
翡,7FE1,32737
翥,7FE5,32741
翩,7FE9,32745
翰,7FF0,32752
翱,7FF1,32753
翻,7FFB,32763
翼,7FFC,32764
耀,8000,32768
老,8001,32769
考,8003,32771
者,8005,32773
耆,8006,32774
而,800C,32780
耍,800D,32781
耐,8010,32784
耒,8012,32786
耕,8015,32789
耗,8017,32791
耘,8018,32792
耙,8019,32793
耨,8028,32808
耪,802A,32810
耳,8033,32819
耶,8036,32822
耸,8038,32824
耻,803B,32827
耽,803D,32829
耿,803F,32831
聂,8042,32834
聃,8043,32835
聆,8046,32838
聊,804A,32842
聋,804B,32843
职,804C,32844
联,8054,32852
聘,8058,32856
聚,805A,32858
聪,806A,32874
聱,8071,32881
聿,807F,32895
肃,8083,32899
肄,8084,32900
肆,8086,32902
肇,8087,32903
肉,8089,32905
肋,808B,32907
肌,808C,32908
肓,8093,32915
肖,8096,32918
肘,8098,32920
肚,809A,32922
肛,809B,32923
肝,809D,32925
肠,80A0,32928
股,80A1,32929
肢,80A2,32930
肤,80A4,32932
肥,80A5,32933
肩,80A9,32937
肪,80AA,32938
肮,80AE,32942
肯,80AF,32943
肱,80B1,32945
育,80B2,32946
肴,80B4,32948
肺,80BA,32954
肽,80BD,32957
肾,80BE,32958
肿,80BF,32959
胀,80C0,32960
胁,80C1,32961
胃,80C3,32963
胄,80C4,32964
胆,80C6,32966
背,80CC,32972
胎,80CE,32974
胖,80D6,32982
胚,80DA,32986
胛,80DB,32987
胜,80DC,32988
胞,80DE,32990
胡,80E1,32993
胤,80E4,32996
胥,80E5,32997
胧,80E7,32999
胪,80EA,33002
胯,80EF,33007
胰,80F0,33008
胱,80F1,33009
胳,80F3,33011
胴,80F4,33012
胶,80F6,33014
胸,80F8,33016
胺,80FA,33018
能,80FD,33021
脂,8102,33026
脆,8106,33030
脉,8109,33033
脊,810A,33034
脍,810D,33037
脏,810F,33039
脐,8110,33040
脑,8111,33041
脓,8113,33043
脖,8116,33046
脚,811A,33050
脩,8129,33065
脯,812F,33071
脱,8131,33073
脸,8138,33080
脾,813E,33086
腆,8146,33094
腊,814A,33098
腋,814B,33099
腌,814C,33100
腐,8150,33104
腑,8151,33105
腔,8154,33108
腕,8155,33109
腥,8165,33125
腮,816E,33134
腰,8170,33136
腴,8174,33140
腹,8179,33145
腺,817A,33146
腻,817B,33147
腼,817C,33148
腾,817E,33150
腿,817F,33151
膀,8180,33152
膂,8182,33154
膈,8188,33160
膊,818A,33162
膏,818F,33167
膘,8198,33176
膛,819B,33179
膜,819C,33180
膝,819D,33181
膨,81A8,33192
膳,81B3,33203
膺,81BA,33210
膻,81BB,33211
臀,81C0,33216
臂,81C2,33218
臃,81C3,33219
臆,81C6,33222
臊,81CA,33226
臣,81E3,33251
臧,81E7,33255
自,81EA,33258
臭,81ED,33261
至,81F3,33267
致,81F4,33268
臻,81FB,33275
臼,81FC,33276
臾,81FE,33278
舀,8200,33280
舂,8202,33282
舄,8204,33284
舅,8205,33285
舆,8206,33286
舌,820C,33292
舍,820D,33293
舐,8210,33296
舒,8212,33298
舔,8214,33300
舛,821B,33307
舜,821C,33308
舞,821E,33310
舟,821F,33311
舣,8223,33315
航,822A,33322
般,822C,33324
舰,8230,33328
舱,8231,33329
舵,8235,33333
舶,8236,33334
舷,8237,33335
船,8239,33337
艇,8247,33351
艉,8249,33353
艋,824B,33355
艏,824F,33359
艘,8258,33368
艚,825A,33370
艮,826E,33390
良,826F,33391
艰,8270,33392
色,8272,33394
艳,8273,33395
艺,827A,33402
艾,827E,33406
节,8282,33410
芋,828B,33419
芍,828D,33421
芒,8292,33426
芙,8299,33433
芜,829C,33436
芝,829D,33437
芥,82A5,33445
芦,82A6,33446
芬,82AC,33452
芭,82AD,33453
芯,82AF,33455
芰,82B0,33456
花,82B1,33457
芳,82B3,33459
芷,82B7,33463
芸,82B8,33464
芹,82B9,33465
芽,82BD,33469
苇,82C7,33479
苍,82CD,33485
苎,82CE,33486
苏,82CF,33487
苑,82D1,33489
苒,82D2,33490
苓,82D3,33491
苔,82D4,33492
苗,82D7,33495
苛,82DB,33499
苜,82DC,33500
苞,82DE,33502
苟,82DF,33503
若,82E5,33509
苦,82E6,33510
苫,82EB,33515
苯,82EF,33519
英,82F1,33521
苹,82F9,33529
茁,8301,33537
茂,8302,33538
范,8303,33539
茄,8304,33540
茅,8305,33541
茉,8309,33545
茎,830E,33550
茔,8314,33556
茗,8317,33559
茜,831C,33564
茧,8327,33575
茨,8328,33576
茫,832B,33579
茬,832C,33580
茴,8334,33588
茵,8335,33589
茶,8336,33590
茸,8338,33592
茹,8339,33593
荀,8340,33600
荃,8343,33603
荆,8346,33606
草,8349,33609
荐,8350,33616
荒,8352,33618
荔,8354,33620
荚,835A,33626
荛,835B,33627
荞,835E,33630
荠,8360,33632
荡,8361,33633
荣,8363,33635
荤,8364,33636
荥,8365,33637
荧,8367,33639
荩,8369,33641
荪,836A,33642
荫,836B,33643
药,836F,33647
荷,8377,33655
荸,8378,33656
荻,837B,33659
荼,837C,33660
莅,8385,33669
莆,8386,33670
莉,8389,33673
莎,838E,33678
莒,8392,33682
莓,8393,33683
莞,839E,33694
莠,83A0,33696
莫,83AB,33707
莱,83B1,33713
莲,83B2,33714
获,83B7,33719
莹,83B9,33721
莺,83BA,33722
莽,83BD,33725
菀,83C0,33728
菁,83C1,33729
菅,83C5,33733
菇,83C7,33735
菊,83CA,33738
菌,83CC,33740
菏,83CF,33743
菜,83DC,33756
菟,83DF,33759
菠,83E0,33760
菩,83E9,33769
菰,83F0,33776
菱,83F1,33777
菲,83F2,33778
菸,83F8,33784
菽,83FD,33789
萁,8401,33793
萃,8403,33795
萄,8404,33796
萌,840C,33804
萍,840D,33805
萎,840E,33806
萝,841D,33821
萤,8424,33828
营,8425,33829
萧,8427,33831
萨,8428,33832
萱,8431,33841
萼,843C,33852
落,843D,33853
著,8457,33879
葛,845B,33883
葡,8461,33889
董,8463,33891
葩,8469,33897
葫,846B,33899
葬,846C,33900
葭,846D,33901
葱,8471,33905
葵,8475,33909
葺,847A,33914
蒂,8482,33922
蒋,848B,33931
蒙,8499,33945
蒜,849C,33948
蒟,849F,33951
蒲,84B2,33970
蒸,84B8,33976
蒹,84B9,33977
蒻,84BB,33979
蒿,84BF,33983
蓄,84C4,33988
蓉,84C9,33993
蓑,84D1,34001
蓓,84D3,34003
蓖,84D6,34006
蓝,84DD,34013
蓟,84DF,34015
蓥,84E5,34021
蓦,84E6,34022
蓬,84EC,34028
蓼,84FC,34044
蓿,84FF,34047
蔑,8511,34065
蔓,8513,34067
蔗,8517,34071
蔚,851A,34074
蔡,8521,34081
蔫,852B,34091
蔬,852C,34092
蔷,8537,34103
蔺,853A,34106
蔼,853C,34108
蔽,853D,34109
蕃,8543,34115
蕈,8548,34120
蕉,8549,34121
蕊,854A,34122
蕙,8559,34137
蕨,8568,34152
蕲,8572,34162
蕴,8574,34164
蕾,857E,34174
薄,8584,34180
薅,8585,34181
薇,8587,34183
薛,859B,34203
薨,85A8,34216
薪,85AA,34218
薮,85AE,34222
薯,85AF,34223
薰,85B0,34224
藁,85C1,34241
藉,85C9,34249
藏,85CF,34255
藐,85D0,34256
藓,85D3,34259
藕,85D5,34261
藤,85E4,34276
藩,85E9,34281
藻,85FB,34299
蘑,8611,34321
蘖,8616,34326
蘸,8638,34360
虎,864E,34382
虏,864F,34383
虐,8650,34384
虑,8651,34385
虔,8654,34388
虚,865A,34394
虞,865E,34398
虫,866B,34411
虱,8671,34417
虹,8679,34425
虻,867B,34427
虽,867D,34429
虾,867E,34430
蚀,8680,34432
蚁,8681,34433
蚂,8682,34434
蚊,868A,34442
蚌,868C,34444
蚓,8693,34451
蚕,8695,34453
蚜,869C,34460
蚣,86A3,34467
蚤,86A4,34468
蚧,86A7,34471
蚪,86AA,34474
蚬,86AC,34476
蚯,86AF,34479
蚰,86B0,34480
蚱,86B1,34481
蚴,86B4,34484
蛀,86C0,34496
蛄,86C4,34500
蛆,86C6,34502
蛇,86C7,34503
蛉,86C9,34505
蛊,86CA,34506
蛋,86CB,34507
蛐,86D0,34512
蛔,86D4,34516
蛘,86D8,34520
蛙,86D9,34521
蛛,86DB,34523
蛟,86DF,34527
蛤,86E4,34532
蛭,86ED,34541
蛮,86EE,34542
蛰,86F0,34544
蛹,86F9,34553
蛾,86FE,34558
蜀,8700,34560
蜂,8702,34562
蜃,8703,34563
蜇,8707,34567
蜈,8708,34568
蜉,8709,34569
蜒,8712,34578
蜓,8713,34579
蜕,8715,34581
蜗,8717,34583
蜘,8718,34584
蜚,871A,34586
蜜,871C,34588
蜡,8721,34593
蜢,8722,34594
蜥,8725,34597
蜴,8734,34612
蜷,8737,34615
蜻,873B,34619
蜿,873F,34623
蝇,8747,34631
蝈,8748,34632
蝉,8749,34633
蝌,874C,34636
蝎,874E,34638
蝗,8757,34647
蝙,8759,34649
蝠,8760,34656
蝴,8774,34676
蝶,8776,34678
蝼,877C,34684
螂,8782,34690
螃,8783,34691
融,878D,34701
螟,879F,34719
螫,87AB,34731
螳,87B3,34739
螺,87BA,34746
蟀,87C0,34752
蟆,87C6,34758
蟊,87CA,34762
蟋,87CB,34763
蟑,87D1,34769
蟒,87D2,34770
蟠,87E0,34784
蟹,87F9,34809
蟾,87FE,34814
蠕,8815,34837
蠢,8822,34850
蠲,8832,34866
蠹,8839,34873
蠼,883C,34876
血,8840,34880
衅,8845,34885
行,884C,34892
衍,884D,34893
衔,8854,34900
街,8857,34903
衙,8859,34905
衡,8861,34913
衢,8862,34914
衣,8863,34915
补,8865,34917
表,8868,34920
衩,8869,34921
衫,886B,34923
衬,886C,34924
衮,886E,34926
衰,8870,34928
衲,8872,34930
衷,8877,34935
衽,887D,34941
衾,887E,34942
袁,8881,34945
袂,8882,34946
袄,8884,34948
袅,8885,34949
袈,8888,34952
袋,888B,34955
袍,888D,34957
袒,8892,34962
袖,8896,34966
袜,889C,34972
被,88AB,34987
袭,88AD,34989
袱,88B1,34993
裁,88C1,35009
裂,88C2,35010
装,88C5,35013
裆,88C6,35014
裔,88D4,35028
裕,88D5,35029
裘,88D8,35032
裙,88D9,35033
裟,88DF,35039
裢,88E2,35042
裤,88E4,35044
裥,88E5,35045
裨,88E8,35048
裱,88F1,35057
裳,88F3,35059
裴,88F4,35060
裸,88F8,35064
裹,88F9,35065
裾,88FE,35070
褂,8902,35074
褐,8910,35088
褒,8912,35090
褓,8913,35091
褚,891A,35098
褛,891B,35099
褥,8925,35109
褪,892A,35114
褫,892B,35115
褴,8934,35124
褶,8936,35126
襁,8941,35137
襄,8944,35140
襟,895F,35167
西,897F,35199
要,8981,35201
覃,8983,35203
覆,8986,35206
见,89C1,35265
观,89C2,35266
规,89C4,35268
觅,89C5,35269
视,89C6,35270
览,89C8,35272
觉,89C9,35273
觊,89CA,35274
觎,89CE,35278
觐,89D0,35280
觑,89D1,35281
角,89D2,35282
觜,89DC,35292
觞,89DE,35294
解,89E3,35299
触,89E6,35302
言,8A00,35328
詈,8A48,35400
詹,8A79,35449
誉,8A89,35465
誊,8A8A,35466
誓,8A93,35475
警,8B66,35686
譬,8B6C,35692
计,8BA1,35745
订,8BA2,35746
讣,8BA3,35747
认,8BA4,35748
讥,8BA5,35749
讦,8BA6,35750
讧,8BA7,35751
讨,8BA8,35752
让,8BA9,35753
讪,8BAA,35754
讫,8BAB,35755
训,8BAD,35757
议,8BAE,35758
讯,8BAF,35759
记,8BB0,35760
讲,8BB2,35762
讳,8BB3,35763
讶,8BB6,35766
讷,8BB7,35767
许,8BB8,35768
讹,8BB9,35769
论,8BBA,35770
讼,8BBC,35772
讽,8BBD,35773
设,8BBE,35774
访,8BBF,35775
诀,8BC0,35776
证,8BC1,35777
评,8BC4,35780
诅,8BC5,35781
识,8BC6,35782
诈,8BC8,35784
诉,8BC9,35785
诊,8BCA,35786
诋,8BCB,35787
诌,8BCC,35788
词,8BCD,35789
诏,8BCF,35791
译,8BD1,35793
诒,8BD2,35794
诓,8BD3,35795
试,8BD5,35797
诗,8BD7,35799
诘,8BD8,35800
诙,8BD9,35801
诚,8BDA,35802
诛,8BDB,35803
话,8BDD,35805
诞,8BDE,35806
诟,8BDF,35807
诠,8BE0,35808
诡,8BE1,35809
询,8BE2,35810
诣,8BE3,35811
诤,8BE4,35812
该,8BE5,35813
详,8BE6,35814
诧,8BE7,35815
诫,8BEB,35819
诬,8BEC,35820
语,8BED,35821
诮,8BEE,35822
误,8BEF,35823
诰,8BF0,35824
诱,8BF1,35825
诲,8BF2,35826
诳,8BF3,35827
说,8BF4,35828
诵,8BF5,35829
诶,8BF6,35830
请,8BF7,35831
诸,8BF8,35832
诺,8BFA,35834
读,8BFB,35835
诼,8BFC,35836
诽,8BFD,35837
课,8BFE,35838
诿,8BFF,35839
谀,8C00,35840
谁,8C01,35841
调,8C03,35843
谄,8C04,35844
谅,8C05,35845
谆,8C06,35846
谈,8C08,35848
谊,8C0A,35850
谋,8C0B,35851
谍,8C0D,35853
谎,8C0E,35854
谏,8C0F,35855
谐,8C10,35856
谑,8C11,35857
谒,8C12,35858
谓,8C13,35859
谔,8C14,35860
谕,8C15,35861
谗,8C17,35863
谘,8C18,35864
谙,8C19,35865
谚,8C1A,35866
谛,8C1B,35867
谜,8C1C,35868
谟,8C1F,35871
谠,8C20,35872
谡,8C21,35873
谢,8C22,35874
谣,8C23,35875
谤,8C24,35876
谥,8C25,35877
谦,8C26,35878
谨,8C28,35880
谩,8C29,35881
谪,8C2A,35882
谬,8C2C,35884
谭,8C2D,35885
谰,8C30,35888
谱,8C31,35889
谴,8C34,35892
谶,8C36,35894
谷,8C37,35895
豁,8C41,35905
豆,8C46,35910
豉,8C49,35913
豌,8C4C,35916
豕,8C55,35925
豚,8C5A,35930
象,8C61,35937
豢,8C62,35938
豪,8C6A,35946
豫,8C6B,35947
豹,8C79,35961
豺,8C7A,35962
貂,8C82,35970
貅,8C85,35973
貉,8C89,35977
貌,8C8C,35980
貔,8C94,35988
贝,8D1D,36125
贞,8D1E,36126
负,8D1F,36127
贡,8D21,36129
财,8D22,36130
责,8D23,36131
贤,8D24,36132
败,8D25,36133
账,8D26,36134
货,8D27,36135
质,8D28,36136
贩,8D29,36137
贪,8D2A,36138
贫,8D2B,36139
贬,8D2C,36140
购,8D2D,36141
贮,8D2E,36142
贯,8D2F,36143
贰,8D30,36144
贱,8D31,36145
贲,8D32,36146
贴,8D34,36148
贵,8D35,36149
贷,8D37,36151
贸,8D38,36152
费,8D39,36153
贺,8D3A,36154
贻,8D3B,36155
贼,8D3C,36156
贾,8D3E,36158
贿,8D3F,36159
赀,8D40,36160
赁,8D41,36161
赂,8D42,36162
赃,8D43,36163
资,8D44,36164
赈,8D48,36168
赊,8D4A,36170
赋,8D4B,36171
赌,8D4C,36172
赎,8D4E,36174
赏,8D4F,36175
赐,8D50,36176
赓,8D53,36179
赔,8D54,36180
赖,8D56,36182
赘,8D58,36184
赚,8D5A,36186
赛,8D5B,36187
赝,8D5D,36189
赞,8D5E,36190
赟,8D5F,36191
赠,8D60,36192
赡,8D61,36193
赢,8D62,36194
赣,8D63,36195
赤,8D64,36196
赦,8D66,36198
赧,8D67,36199
赫,8D6B,36203
赭,8D6D,36205
走,8D70,36208
赳,8D73,36211
赴,8D74,36212
赵,8D75,36213
赶,8D76,36214
起,8D77,36215
趁,8D81,36225
趄,8D84,36228
超,8D85,36229
越,8D8A,36234
趋,8D8B,36235
趔,8D94,36244
趟,8D9F,36255
趣,8DA3,36259
足,8DB3,36275
趴,8DB4,36276
趸,8DB8,36280
趾,8DBE,36286
跃,8DC3,36291
跄,8DC4,36292
跋,8DCB,36299
跌,8DCC,36300
跑,8DD1,36305
跖,8DD6,36310
跛,8DDB,36315
距,8DDD,36317
跟,8DDF,36319
跤,8DE4,36324
跨,8DE8,36328
跪,8DEA,36330
跫,8DEB,36331
路,8DEF,36335
跳,8DF3,36339
践,8DF5,36341
跶,8DF6,36342
跷,8DF7,36343
跺,8DFA,36346
跻,8DFB,36347
踉,8E09,36361
踊,8E0A,36362
踌,8E0C,36364
踏,8E0F,36367
踞,8E1E,36382
踟,8E1F,36383
踢,8E22,36386
踩,8E29,36393
踪,8E2A,36394
踮,8E2E,36398
踯,8E2F,36399
踱,8E31,36401
踵,8E35,36405
踹,8E39,36409
蹂,8E42,36418
蹄,8E44,36420
蹈,8E48,36424
蹊,8E4A,36426
蹋,8E4B,36427
蹒,8E52,36434
蹙,8E59,36441
蹦,8E66,36454
蹩,8E69,36457
蹬,8E6C,36460
蹭,8E6D,36461
蹲,8E72,36466
蹶,8E76,36470
蹼,8E7C,36476
蹿,8E7F,36479
躁,8E81,36481
躇,8E87,36487
躏,8E8F,36495
身,8EAB,36523
躬,8EAC,36524
躯,8EAF,36527
躲,8EB2,36530
躺,8EBA,36538
车,8F66,36710
轧,8F67,36711
轨,8F68,36712
轩,8F69,36713
转,8F6C,36716
轭,8F6D,36717
轮,8F6E,36718
软,8F6F,36719
轰,8F70,36720
轴,8F74,36724
轶,8F76,36726
轻,8F7B,36731
轼,8F7C,36732
载,8F7D,36733
轿,8F7F,36735
较,8F83,36739
辄,8F84,36740
辅,8F85,36741
辆,8F86,36742
辇,8F87,36743
辈,8F88,36744
辉,8F89,36745
辊,8F8A,36746
辋,8F8B,36747
辍,8F8D,36749
辎,8F8E,36750
辏,8F8F,36751
辐,8F90,36752
辑,8F91,36753
输,8F93,36755
辕,8F95,36757
辖,8F96,36758
辗,8F97,36759
辘,8F98,36760
辙,8F99,36761
辛,8F9B,36763
辜,8F9C,36764
辞,8F9E,36766
辟,8F9F,36767
辣,8FA3,36771
辨,8FA8,36776
辩,8FA9,36777
辫,8FAB,36779
辰,8FB0,36784
辱,8FB1,36785
边,8FB9,36793
辽,8FBD,36797
达,8FBE,36798
迁,8FC1,36801
迂,8FC2,36802
迄,8FC4,36804
迅,8FC5,36805
过,8FC7,36807
迈,8FC8,36808
迎,8FCE,36814
运,8FD0,36816
近,8FD1,36817
返,8FD4,36820
还,8FD8,36824
这,8FD9,36825
进,8FDB,36827
远,8FDC,36828
违,8FDD,36829
连,8FDE,36830
迟,8FDF,36831
迢,8FE2,36834
迥,8FE5,36837
迦,8FE6,36838
迨,8FE8,36840
迩,8FE9,36841
迪,8FEA,36842
迫,8FEB,36843
迭,8FED,36845
述,8FF0,36848
迳,8FF3,36851
迷,8FF7,36855
迸,8FF8,36856
迹,8FF9,36857
追,8FFD,36861
退,9000,36864
送,9001,36865
适,9002,36866
逃,9003,36867
逅,9005,36869
逆,9006,36870
选,9009,36873
逊,900A,36874
逍,900D,36877
透,900F,36879
逐,9010,36880
递,9012,36882
途,9014,36884
逗,9017,36887
通,901A,36890
逛,901B,36891
逝,901D,36893
逞,901E,36894
速,901F,36895
造,9020,36896
逢,9022,36898
逮,902E,36910
逵,9035,36917
逸,9038,36920
逻,903B,36923
逼,903C,36924
逾,903E,36926
遁,9041,36929
遂,9042,36930
遇,9047,36935
遍,904D,36941
遏,904F,36943
遐,9050,36944
遑,9051,36945
道,9053,36947
遗,9057,36951
遢,9062,36962
遣,9063,36963
遥,9065,36965
遨,9068,36968
遭,906D,36973
遮,906E,36974
遴,9074,36980
遵,9075,36981
遽,907D,36989
避,907F,36991
邀,9080,36992
邂,9082,36994
邑,9091,37009
邓,9093,37011
邕,9095,37013
邛,909B,37019
邠,90A0,37024
邡,90A1,37025
邢,90A2,37026
那,90A3,37027
邦,90A6,37030
邪,90AA,37034
邮,90AE,37038
邯,90AF,37039
邱,90B1,37041
邳,90B3,37043
邵,90B5,37045
邸,90B8,37048
邹,90B9,37049
邻,90BB,37051
郁,90C1,37057
郃,90C3,37059
郊,90CA,37066
郎,90CE,37070
郑,90D1,37073
郝,90DD,37085
郡,90E1,37089
郧,90E7,37095
部,90E8,37096
郭,90ED,37101
郴,90F4,37108
郸,90F8,37112
都,90FD,37117
鄂,9102,37122
鄙,9119,37145
鄜,911C,37148
酉,9149,37193
酊,914A,37194
酋,914B,37195
酌,914C,37196
配,914D,37197
酒,9152,37202
酗,9157,37207
酚,915A,37210
酝,915D,37213
酞,915E,37214
酣,9163,37219
酥,9165,37221
酪,916A,37226
酬,916C,37228
酮,916E,37230
酰,9170,37232
酱,9171,37233
酵,9175,37237
酶,9176,37238
酷,9177,37239
酸,9178,37240
酿,917F,37247
醇,9187,37255
醉,9189,37257
醋,918B,37259
醒,9192,37266
醚,919A,37274
醛,919B,37275
醢,91A2,37282
醴,91B4,37300
醺,91BA,37306
采,91C7,37319
釉,91C9,37321
释,91CA,37322
里,91CC,37324
重,91CD,37325
野,91CE,37326
量,91CF,37327
金,91D1,37329
釜,91DC,37340
鉴,9274,37492
銮,92AE,37550
鏖,93D6,37846
鑫,946B,37995
针,9488,38024
钉,9489,38025
钊,948A,38026
钍,948D,38029
钎,948E,38030
钏,948F,38031
钒,9492,38034
钓,9493,38035
钗,9497,38039
钙,9499,38041
钛,949B,38043
钜,949C,38044
钝,949D,38045
钞,949E,38046
钟,949F,38047
钠,94A0,38048
钡,94A1,38049
钢,94A2,38050
钤,94A4,38052
钥,94A5,38053
钦,94A6,38054
钧,94A7,38055
钨,94A8,38056
钩,94A9,38057
钮,94AE,38062
钯,94AF,38063
钰,94B0,38064
钱,94B1,38065
钳,94B3,38067
钴,94B4,38068
钵,94B5,38069
钺,94BA,38074
钻,94BB,38075
钾,94BE,38078
铀,94C0,38080
铁,94C1,38081
铂,94C2,38082
铃,94C3,38083
铅,94C5,38085
铆,94C6,38086
铎,94CE,38094
铐,94D0,38096
铛,94DB,38107
铜,94DC,38108
铝,94DD,38109
铠,94E0,38112
铡,94E1,38113
铣,94E3,38115
铤,94E4,38116
铨,94E8,38120
铬,94EC,38124
铭,94ED,38125
铮,94EE,38126
铰,94F0,38128
铱,94F1,38129
铲,94F2,38130
铵,94F5,38133
银,94F6,38134
铸,94F8,38136
铺,94FA,38138
链,94FE,38142
铿,94FF,38143
销,9500,38144
锁,9501,38145
锂,9502,38146
锄,9504,38148
锅,9505,38149
锈,9508,38152
锉,9509,38153
锊,950A,38154
锋,950B,38155
锌,950C,38156
锐,9510,38160
锑,9511,38161
锗,9517,38167
错,9519,38169
锚,951A,38170
锡,9521,38177
锢,9522,38178
锣,9523,38179
锤,9524,38180
锥,9525,38181
锦,9526,38182
锨,9528,38184
锭,952D,38189
键,952E,38190
锯,952F,38191
锰,9530,38192
锲,9532,38194
锶,9536,38198
锷,9537,38199
锸,9538,38200
锹,9539,38201
锺,953A,38202
锻,953B,38203
镀,9540,38208
镁,9541,38209
镂,9542,38210
镇,9547,38215
镊,954A,38218
镌,954C,38220
镍,954D,38221
镐,9550,38224
镑,9551,38225
镕,9555,38229
镖,9556,38230
镜,955C,38236
镠,9560,38240
镣,9563,38243
镭,956D,38253
镯,956F,38255
镰,9570,38256
镶,9576,38262
长,957F,38271
门,95E8,38376
闩,95E9,38377
闪,95EA,38378
闭,95ED,38381
问,95EE,38382
闯,95EF,38383
闰,95F0,38384
闲,95F2,38386
间,95F4,38388
闵,95F5,38389
闷,95F7,38391
闸,95F8,38392
闹,95F9,38393
闺,95FA,38394
闻,95FB,38395
闽,95FD,38397
闾,95FE,38398
闿,95FF,38399
阀,9600,38400
阁,9601,38401
阂,9602,38402
阄,9604,38404
阅,9605,38405
阆,9606,38406
阇,9607,38407
阈,9608,38408
阉,9609,38409
阌,960C,38412
阎,960E,38414
阐,9610,38416
阑,9611,38417
阔,9614,38420
阙,9619,38425
阜,961C,38428
队,961F,38431
阪,962A,38442
阮,962E,38446
阱,9631,38449
防,9632,38450
阳,9633,38451
阴,9634,38452
阵,9635,38453
阶,9636,38454
阻,963B,38459
阿,963F,38463
陀,9640,38464
附,9644,38468
际,9645,38469
陆,9646,38470
陇,9647,38471
陈,9648,38472
陋,964B,38475
陌,964C,38476
降,964D,38477
限,9650,38480
陕,9655,38485
陛,965B,38491
陟,965F,38495
陡,9661,38497
院,9662,38498
除,9664,38500
陨,9668,38504
险,9669,38505
陪,966A,38506
陬,966C,38508
陵,9675,38517
陶,9676,38518
陷,9677,38519
隅,9685,38533
隆,9686,38534
隋,968B,38539
隍,968D,38541
随,968F,38543
隐,9690,38544
隔,9694,38548
隘,9698,38552
隙,9699,38553
障,969C,38556
隧,96A7,38567
隶,96B6,38582
隼,96BC,38588
隽,96BD,38589
难,96BE,38590
雀,96C0,38592
雁,96C1,38593
雄,96C4,38596
雅,96C5,38597
集,96C6,38598
雇,96C7,38599
雉,96C9,38601
雌,96CC,38604
雍,96CD,38605
雏,96CF,38607
雕,96D5,38613
雠,96E0,38624
雨,96E8,38632
雩,96E9,38633
雪,96EA,38634
雯,96EF,38639
雳,96F3,38643
零,96F6,38646
雷,96F7,38647
雹,96F9,38649
雾,96FE,38654
需,9700,38656
霁,9701,38657
霄,9704,38660
霆,9706,38662
震,9707,38663
霉,9709,38665
霍,970D,38669
霎,970E,38670
霏,970F,38671
霓,9713,38675
霖,9716,38678
霜,971C,38684
霞,971E,38686
霭,972D,38701
霰,9730,38704
露,9732,38706
霸,9738,38712
霹,9739,38713
青,9752,38738
靓,9753,38739
靖,9756,38742
静,9759,38745
靛,975B,38747
非,975E,38750
靠,9760,38752
靡,9761,38753
面,9762,38754
靥,9765,38757
革,9769,38761
靳,9773,38771
靴,9774,38772
靶,9776,38774
靺,977A,38778
靼,977C,38780
鞅,9785,38789
鞋,978B,38795
鞍,978D,38797
鞑,9791,38801
鞘,9798,38808
鞠,97A0,38816
鞨,97A8,38824
鞫,97AB,38827
鞭,97AD,38829
鞲,97B2,38834
韦,97E6,38886
韧,97E7,38887
韩,97E9,38889
韪,97EA,38890
韫,97EB,38891
韬,97EC,38892
韭,97ED,38893
音,97F3,38899
韵,97F5,38901
韶,97F6,38902
页,9875,39029
顶,9876,39030
顷,9877,39031
项,9879,39033
顺,987A,39034
须,987B,39035
顽,987D,39037
顾,987E,39038
顿,987F,39039
颁,9881,39041
颂,9882,39042
预,9884,39044
颅,9885,39045
领,9886,39046
颇,9887,39047
颈,9888,39048
颉,9889,39049
颊,988A,39050
颌,988C,39052
颍,988D,39053
颐,9890,39056
频,9891,39057
颓,9893,39059
颔,9894,39060
颖,9896,39062
颗,9897,39063
题,9898,39064
颙,9899,39065
颚,989A,39066
颜,989C,39068
额,989D,39069
颞,989E,39070
颠,98A0,39072
颤,98A4,39076
颦,98A6,39078
颧,98A7,39079
风,98CE,39118
飏,98CF,39119
飒,98D2,39122
飓,98D3,39123
飕,98D5,39125
飘,98D8,39128
飞,98DE,39134
食,98DF,39135
飨,98E8,39144
餐,9910,39184
餮,992E,39214
饕,9955,39253
饥,9965,39269
饨,9968,39272
饬,996C,39276
饭,996D,39277
饮,996E,39278
饯,996F,39279
饰,9970,39280
饱,9971,39281
饲,9972,39282
饴,9974,39284
饵,9975,39285
饶,9976,39286
饷,9977,39287
饺,997A,39290
饼,997C,39292
饿,997F,39295
馀,9980,39296
馁,9981,39297
馄,9984,39300
馅,9985,39301
馆,9986,39302
馈,9988,39304
馋,998B,39307
馍,998D,39309
馏,998F,39311
馐,9990,39312
馑,9991,39313
馒,9992,39314
馓,9993,39315
馔,9994,39316
馕,9995,39317
首,9996,39318
馗,9997,39319
香,9999,39321
馥,99A5,39333
馨,99A8,39336
马,9A6C,39532
驭,9A6D,39533
驮,9A6E,39534
驯,9A6F,39535
驰,9A70,39536
驱,9A71,39537
驳,9A73,39539
驴,9A74,39540
驶,9A76,39542
驷,9A77,39543
驸,9A78,39544
驹,9A79,39545
驻,9A7B,39547
驼,9A7C,39548
驽,9A7D,39549
驾,9A7E,39550
驿,9A7F,39551
骁,9A81,39553
骂,9A82,39554
骄,9A84,39556
骅,9A85,39557
骆,9A86,39558
骇,9A87,39559
骈,9A88,39560
骋,9A8B,39563
验,9A8C,39564
骏,9A8F,39567
骑,9A91,39569
骗,9A97,39575
骚,9A9A,39578
骝,9A9D,39581
骞,9A9E,39582
骠,9AA0,39584
骡,9AA1,39585
骤,9AA4,39588
骥,9AA5,39589
骧,9AA7,39591
骨,9AA8,39592
骰,9AB0,39600
骱,9AB1,39601
骷,9AB7,39607
骸,9AB8,39608
骼,9ABC,39612
髅,9AC5,39621
髓,9AD3,39635
高,9AD8,39640
髦,9AE6,39654
髭,9AED,39661
髯,9AEF,39663
鬃,9B03,39683
鬓,9B13,39699
鬟,9B1F,39711
鬻,9B3B,39739
鬼,9B3C,39740
魁,9B41,39745
魂,9B42,39746
魃,9B43,39747
魄,9B44,39748
魅,9B45,39749
魇,9B47,39751
魏,9B4F,39759
魔,9B54,39764
鱼,9C7C,40060
鱿,9C7F,40063
鲁,9C81,40065
鲈,9C88,40072
鲍,9C8D,40077
鲛,9C9B,40091
鲜,9C9C,40092
鲢,9CA2,40098
鲤,9CA4,40100
鲧,9CA7,40103
鲨,9CA8,40104
鲫,9CAB,40107
鲳,9CB3,40115
鲸,9CB8,40120
鳃,9CC3,40131
鳄,9CC4,40132
鳅,9CC5,40133
鳌,9CCC,40140
鳍,9CCD,40141
鳏,9CCF,40143
鳖,9CD6,40150
鳗,9CD7,40151
鳜,9CDC,40156
鳞,9CDE,40158
鸟,9E1F,40479
鸠,9E20,40480
鸡,9E21,40481
鸢,9E22,40482
鸣,9E23,40483
鸥,9E25,40485
鸦,9E26,40486
鸩,9E29,40489
鸭,9E2D,40493
鸯,9E2F,40495
鸰,9E30,40496
鸳,9E33,40499
鸵,9E35,40501
鸽,9E3D,40509
鸾,9E3E,40510
鸿,9E3F,40511
鹁,9E41,40513
鹃,9E43,40515
鹄,9E44,40516
鹅,9E45,40517
鹉,9E49,40521
鹊,9E4A,40522
鹏,9E4F,40527
鹑,9E51,40529
鹕,9E55,40533
鹜,9E5C,40540
鹤,9E64,40548
鹦,9E66,40550
鹫,9E6B,40555
鹭,9E6D,40557
鹰,9E70,40560
鹱,9E71,40561
鹾,9E7E,40574
鹿,9E7F,40575
麒,9E92,40594
麓,9E93,40595
麝,9E9D,40605
麟,9E9F,40607
麦,9EA6,40614
麴,9EB4,40628
麸,9EB8,40632
麻,9EBB,40635
麽,9EBD,40637
麾,9EBE,40638
黄,9EC4,40644
黉,9EC9,40649
黍,9ECD,40653
黎,9ECE,40654
黏,9ECF,40655
黑,9ED1,40657
黔,9ED4,40660
默,9ED8,40664
黛,9EDB,40667
黜,9EDC,40668
黝,9EDD,40669
黥,9EE5,40677
黯,9EEF,40687
黻,9EFB,40699
鼋,9F0B,40715
鼎,9F0E,40718
鼓,9F13,40723
鼠,9F20,40736
鼯,9F2F,40751
鼹,9F39,40761
鼻,9F3B,40763
鼾,9F3E,40766
齁,9F41,40769
齐,9F50,40784
齿,9F7F,40831
龃,9F83,40835
龄,9F84,40836
龇,9F87,40839
龈,9F88,40840
龊,9F8A,40842
龋,9F8B,40843
龌,9F8C,40844
龙,9F99,40857
龚,9F9A,40858
龟,9F9F,40863
